,date,playerA,playerARacks,playerB,playerBRacks,competition,matchIndex
0,2020-02-20 09:00:00,Sergio Lagunas,9,Adrian Weiss,7,2020 EuroTour Treviso,1
1,2020-02-20 09:00:00,Jan Rempe,9,Valeriia Trushevskaia,6,2020 EuroTour Treviso,2
2,2020-02-20 09:00:00,Henrique Correia,9,Massimiliano Corso,3,2020 EuroTour Treviso,3
3,2020-02-20 10:30:00,Thorsten Hohmann,2,Petri Makkonen,9,2020 EuroTour Treviso,4
4,2020-02-20 10:30:00,Stefan Gruber,7,Moritz Neuhausen,9,2020 EuroTour Treviso,5
5,2020-02-20 10:30:00,Ole Kristian Rudshavn,6,Francesco Candela,9,2020 EuroTour Treviso,6
6,2020-02-20 12:00:00,Chris Melling,9,Ivan Nunez,2,2020 EuroTour Treviso,7
7,2020-02-20 12:00:00,Cosimo Esposito,1,Tobias Bongers,9,2020 EuroTour Treviso,8
8,2020-02-20 13:30:00,Jani Uski,9,Elio Sammarini,6,2020 EuroTour Treviso,9
9,2020-02-20 13:30:00,Niklas Dohr,9,Athanasios Vrakas,4,2020 EuroTour Treviso,10
10,2020-02-20 13:30:00,Francesco Garzia,7,Gianluca Cappella,9,2020 EuroTour Treviso,11
11,2020-02-20 09:00:00,Michael Schneider,5,Piotr Ostrowski,9,2020 EuroTour Treviso,12
12,2020-02-20 09:00:00,Jonas Souto,9,Mauro Castriota,3,2020 EuroTour Treviso,13
13,2020-02-20 09:00:00,Dmytro Skorokhodov,4,Johannes Geihe,9,2020 EuroTour Treviso,14
14,2020-02-20 10:30:00,Matteo Angelini,4,Pia Filler,9,2020 EuroTour Treviso,15
15,2020-02-20 10:30:00,Daniel Konrad,9,Stefan Sprangers,8,2020 EuroTour Treviso,16
16,2020-02-20 10:30:00,Alessandro Giordani,6,Zoran Pucar,9,2020 EuroTour Treviso,17
17,2020-02-20 12:00:00,Vladimir Matvienko,9,Sebastian Batkowski,4,2020 EuroTour Treviso,18
18,2020-02-20 13:30:00,Attila Bezdan,8,Jorge Garcia-Fonseca,9,2020 EuroTour Treviso,19
19,2020-02-20 13:30:00,Mario Valchev,9,Carlos Cabello,8,2020 EuroTour Treviso,20
20,2020-02-20 13:30:00,Fabio Rizzi,9,Florijan Maric,5,2020 EuroTour Treviso,21
21,2020-02-20 09:00:00,Jani Siekkinen,9,Max Henning,0,2020 EuroTour Treviso,22
22,2020-02-20 09:00:00,Imran Majid,9,Gabriel Ciprian,4,2020 EuroTour Treviso,23
23,2020-02-20 09:00:00,Jere Virtaranta,9,Ragnar Gronsten,4,2020 EuroTour Treviso,24
24,2020-02-20 10:30:00,Enrico Falappa,3,Jannik Putsche,9,2020 EuroTour Treviso,25
25,2020-02-20 10:30:00,Giovanni DiMartino,9,Thorsten Bonke,6,2020 EuroTour Treviso,26
26,2020-02-20 12:00:00,Francisco Diaz-Pizarro,9,Martin Kramer,1,2020 EuroTour Treviso,27
27,2020-02-20 12:00:00,Andrea Cianciaruso,0,Maxwell Johnson,0,2020 EuroTour Treviso,28
28,2020-02-20 13:30:00,Gabriel Syarov,1,Sergey Lutsker,9,2020 EuroTour Treviso,29
29,2020-02-20 13:30:00,Christian Froehlich,9,Ville Hamalainen,5,2020 EuroTour Treviso,30
30,2020-02-20 13:30:00,Chris Patient,6,Davy Piergiovanni,9,2020 EuroTour Treviso,31
31,2020-02-20 09:00:00,Daniel Resch,9,Karl Gnadenberg,2,2020 EuroTour Treviso,32
32,2020-02-20 09:00:00,Ronald Regli,9,Vasile Cozma,3,2020 EuroTour Treviso,33
33,2020-02-20 09:00:00,Marharyta Fefilava,9,Alberto Damico,8,2020 EuroTour Treviso,34
34,2020-02-20 10:30:00,Pedro Teixera,5,Andrey Seroshtan,9,2020 EuroTour Treviso,35
35,2020-02-20 10:30:00,Alex Montpellier,9,Michele Bianchini,3,2020 EuroTour Treviso,36
36,2020-02-20 12:00:00,Bruno Bernardo,8,Viacheslav Skvortsov,9,2020 EuroTour Treviso,37
37,2020-02-20 12:00:00,Osman Sanlisoy,9,Marc CodinaLlonch,6,2020 EuroTour Treviso,38
38,2020-02-20 13:30:00,Jeppe Thyde,9,Amar Gjyshinca,6,2020 EuroTour Treviso,39
39,2020-02-20 13:30:00,Jasmin Ouschan,2,Darren Appleton,9,2020 EuroTour Treviso,40
40,2020-02-20 13:30:00,Quinten Pongers,9,Johan Pale,5,2020 EuroTour Treviso,41
41,2020-02-20 09:00:00,Stanimir Ruslanov,9,Pijus Labutis,5,2020 EuroTour Treviso,42
42,2020-02-20 09:00:00,Johanna Vartiainen,4,Manuel Pereira,9,2020 EuroTour Treviso,43
43,2020-02-20 09:00:00,Gabor Solymosi,9,Lars Kuckherm,7,2020 EuroTour Treviso,44
44,2020-02-20 10:30:00,Andrea Milioli,3,Nikos Ekonomopoulos,9,2020 EuroTour Treviso,45
45,2020-02-20 10:30:00,Nick Malai,9,Stephen Defrasnes,5,2020 EuroTour Treviso,46
46,2020-02-20 12:00:00,Miquel Canillas,2,Zoran Svilar,9,2020 EuroTour Treviso,47
47,2020-02-20 12:00:00,Lefteris Georgiou,1,Wojciech Sroczynski,9,2020 EuroTour Treviso,48
48,2020-02-20 12:00:00,Giuseppe Iacobucci,8,Elliott Sanderson,9,2020 EuroTour Treviso,49
49,2020-02-20 13:30:00,Moritz Lauwereyns,6,Gianluca Ascheri,9,2020 EuroTour Treviso,50
50,2020-02-20 13:30:00,Karol Skowerski,9,Stefano Dellino,5,2020 EuroTour Treviso,51
51,2020-02-20 15:00:00,Georgi Georgiev,2,Mariusz Skoneczny,9,2020 EuroTour Treviso,52
52,2020-02-20 09:00:00,Bora Anar,9,Francisco Gatsby,1,2020 EuroTour Treviso,53
53,2020-02-20 09:00:00,Daniel Leon,3,Jan Wolf,9,2020 EuroTour Treviso,54
54,2020-02-20 10:30:00,George Antonakis,5,Jayson Shaw,9,2020 EuroTour Treviso,55
55,2020-02-20 10:30:00,Andreas Madsen,9,Elise Qiu,3,2020 EuroTour Treviso,56
56,2020-02-20 10:30:00,Ruben Alves,5,Adam Stankiewicz,9,2020 EuroTour Treviso,57
57,2020-02-20 12:00:00,Javier DelSanto-Sanz,6,Ramazan Akdag,9,2020 EuroTour Treviso,58
58,2020-02-20 12:00:00,Emilio-Jofre Domenech,7,Babken Melkonyan,9,2020 EuroTour Treviso,59
59,2020-02-20 13:30:00,Gianmarco Tonini,9,Adam Mscisz,7,2020 EuroTour Treviso,60
60,2020-02-20 13:30:00,Valerio Castellano,9,Nico Sallmayer,8,2020 EuroTour Treviso,61
61,2020-02-20 09:00:00,Daniel Pleunik,8,Hervis Hamid,9,2020 EuroTour Treviso,62
62,2020-02-20 09:00:00,Zdenko Lisik,1,Dimitri Jungo,9,2020 EuroTour Treviso,63
63,2020-02-20 10:30:00,Marko Lisnic,8,Vincent Gomez,9,2020 EuroTour Treviso,64
64,2020-02-20 10:30:00,Marcel Price,9,Casper Matikainen,7,2020 EuroTour Treviso,65
65,2020-02-20 10:30:00,Mickey Krause,9,Luca Montanari,6,2020 EuroTour Treviso,66
66,2020-02-20 12:00:00,Albert Stensrod,5,Thomas Knittel,9,2020 EuroTour Treviso,67
67,2020-02-20 12:00:00,Matjaz Erculj,8,Oliver Ortmann,9,2020 EuroTour Treviso,68
68,2020-02-20 13:30:00,Marco Palmieri,8,Jan VanLierop,9,2020 EuroTour Treviso,69
69,2020-02-20 13:30:00,Konstantinos Koukiadakis,9,Pepijn DeWit,2,2020 EuroTour Treviso,70
70,2020-02-20 15:00:00,Aleksa Pecelj,9,Riccardo Sini,8,2020 EuroTour Treviso,71
71,2020-02-20 09:00:00,Daniele Corrieri,2,Daniel Maciol,9,2020 EuroTour Treviso,72
72,2020-02-20 09:00:00,Giacomo Maria Amorati,1,Juan Lizana,9,2020 EuroTour Treviso,73
73,2020-02-20 10:30:00,Emil-Andre Gangflot,8,Jose Alberto Delgado,9,2020 EuroTour Treviso,74
74,2020-02-20 10:30:00,Wilhelm Georg,9,Fabio Petroni,6,2020 EuroTour Treviso,75
75,2020-02-20 10:30:00,Tim DeRuyter,9,Vasileios Zoidis,4,2020 EuroTour Treviso,76
76,2020-02-20 12:00:00,John Torres,9,Roman Schleiner,2,2020 EuroTour Treviso,77
77,2020-02-20 12:00:00,Antonino Falduto,2,Dylan Vyvey,9,2020 EuroTour Treviso,78
78,2020-02-20 13:30:00,Marco Dorenburg,9,Menelaos Lolas,8,2020 EuroTour Treviso,79
79,2020-02-20 13:30:00,Vitaliy Patsura,2,Yannick Pongers,9,2020 EuroTour Treviso,80
80,2020-02-20 13:30:00,Enrik Tenk,9,Pedro Pereira,7,2020 EuroTour Treviso,81
81,2020-02-20 15:00:00,Andreja Klasovic,9,Marcel Stecher,1,2020 EuroTour Treviso,82
82,2020-02-20 15:00:00,Joshua Filler,9,Sergio Lagunas,2,2020 EuroTour Treviso,83
83,2020-02-20 15:00:00,Jan Rempe,6,Henrique Correia,9,2020 EuroTour Treviso,84
84,2020-02-20 15:00:00,Alberto Ferrara,2,Petri Makkonen,9,2020 EuroTour Treviso,85
85,2020-02-20 16:30:00,Moritz Neuhausen,6,Niels Feijen,9,2020 EuroTour Treviso,86
86,2020-02-20 16:30:00,Ivar Saris,9,Francesco Candela,1,2020 EuroTour Treviso,87
87,2020-02-20 18:00:00,Chris Melling,3,Tobias Bongers,9,2020 EuroTour Treviso,88
88,2020-02-20 18:00:00,Jani Uski,9,Niklas Dohr,1,2020 EuroTour Treviso,89
89,2020-02-20 18:00:00,Gianluca Cappella,7,Oliver Szolnoki,9,2020 EuroTour Treviso,90
90,2020-02-20 15:00:00,Mateusz Sniegocki,9,Piotr Ostrowski,7,2020 EuroTour Treviso,91
91,2020-02-20 15:00:00,Jonas Souto,9,Johannes Geihe,0,2020 EuroTour Treviso,92
92,2020-02-20 16:30:00,Gerasimos Trivizas,9,Pia Filler,0,2020 EuroTour Treviso,93
93,2020-02-20 16:30:00,Daniel Konrad,4,Sanjin Pehlivanovic,9,2020 EuroTour Treviso,94
94,2020-02-20 16:30:00,Roman Hybler,9,Zoran Pucar,3,2020 EuroTour Treviso,95
95,2020-02-20 18:00:00,Vladimir Matvienko,9,Mihkel Rehepap,7,2020 EuroTour Treviso,96
96,2020-02-20 18:00:00,Jorge Garcia-Fonseca,2,Mario Valchev,9,2020 EuroTour Treviso,97
97,2020-02-20 18:00:00,Fabio Rizzi,8,Ralf Souquet,9,2020 EuroTour Treviso,98
98,2020-02-20 15:00:00,Ruslan Chinahov,8,Jani Siekkinen,9,2020 EuroTour Treviso,99
99,2020-02-20 15:00:00,Imran Majid,6,Jere Virtaranta,9,2020 EuroTour Treviso,100
100,2020-02-20 16:30:00,Mustafa Alnar,9,Jannik Putsche,7,2020 EuroTour Treviso,101
101,2020-02-20 16:30:00,Giovanni DiMartino,2,Dimitris Loukatos,9,2020 EuroTour Treviso,102
102,2020-02-20 16:30:00,Albin Ouschan,9,Francisco Diaz-Pizarro,5,2020 EuroTour Treviso,103
103,2020-02-20 18:00:00,Andrea Cianciaruso,7,Yvonne Ullmann-Hybler,9,2020 EuroTour Treviso,104
104,2020-02-20 18:00:00,Sergey Lutsker,9,Christian Froehlich,6,2020 EuroTour Treviso,105
105,2020-02-20 18:00:00,Davy Piergiovanni,9,Marc Bijsterbosch,7,2020 EuroTour Treviso,106
106,2020-02-20 15:00:00,Fedor Gorst,9,Daniel Resch,8,2020 EuroTour Treviso,107
107,2020-02-20 15:00:00,Ronald Regli,9,Marharyta Fefilava,4,2020 EuroTour Treviso,108
108,2020-02-20 16:30:00,Arjan Matrizi,9,Andrey Seroshtan,8,2020 EuroTour Treviso,109
109,2020-02-20 16:30:00,Alex Montpellier,5,Radoslaw Babica,9,2020 EuroTour Treviso,110
110,2020-02-20 16:30:00,David Alcaide,9,Viacheslav Skvortsov,3,2020 EuroTour Treviso,111
111,2020-02-20 18:00:00,Osman Sanlisoy,9,Michael Huetter,2,2020 EuroTour Treviso,112
112,2020-02-20 18:00:00,Jeppe Thyde,9,Darren Appleton,6,2020 EuroTour Treviso,113
113,2020-02-20 19:30:00,Quinten Pongers,9,Damianos Giallourakis,8,2020 EuroTour Treviso,114
114,2020-02-20 15:00:00,Eklent Kaci,9,Stanimir Ruslanov,6,2020 EuroTour Treviso,115
115,2020-02-20 15:00:00,Manuel Pereira,9,Gabor Solymosi,7,2020 EuroTour Treviso,116
116,2020-02-20 16:30:00,Michal Turkowski,5,Nikos Ekonomopoulos,9,2020 EuroTour Treviso,117
117,2020-02-20 16:30:00,Nick Malai,9,Mats Schjetne,4,2020 EuroTour Treviso,118
118,2020-02-20 16:30:00,Maksim Dudanets,9,Zoran Svilar,8,2020 EuroTour Treviso,119
119,2020-02-20 18:00:00,Wojciech Sroczynski,7,Elliott Sanderson,9,2020 EuroTour Treviso,120
120,2020-02-20 18:00:00,Gianluca Ascheri,5,Karol Skowerski,9,2020 EuroTour Treviso,121
121,2020-02-20 19:30:00,Mariusz Skoneczny,7,Thomasz Kaplan,9,2020 EuroTour Treviso,122
122,2020-02-20 15:00:00,Alexander Kazakis,9,Bora Anar,0,2020 EuroTour Treviso,123
123,2020-02-20 15:00:00,Jan Wolf,3,Jayson Shaw,9,2020 EuroTour Treviso,124
124,2020-02-20 16:30:00,Thomas Poschl,5,Andreas Madsen,9,2020 EuroTour Treviso,125
125,2020-02-20 16:30:00,Adam Stankiewicz,5,Wojciech Szewczyk,9,2020 EuroTour Treviso,126
126,2020-02-20 16:30:00,Wiktor Zielinski,9,Ramazan Akdag,8,2020 EuroTour Treviso,127
127,2020-02-20 18:00:00,Babken Melkonyan,3,Piotr Likowski,9,2020 EuroTour Treviso,128
128,2020-02-20 18:00:00,Gianmarco Tonini,9,Valerio Castellano,1,2020 EuroTour Treviso,129
129,2020-02-20 19:30:00,Steve Heeb,1,Maximillian Lechner,9,2020 EuroTour Treviso,130
130,2020-02-20 15:00:00,Konrad Juszczyszyn,9,Hervis Hamid,5,2020 EuroTour Treviso,131
131,2020-02-20 15:00:00,Dimitri Jungo,9,Vincent Gomez,3,2020 EuroTour Treviso,132
132,2020-02-20 16:30:00,Benji Buckley,4,Marcel Price,9,2020 EuroTour Treviso,133
133,2020-02-20 16:30:00,Mickey Krause,9,Miquel Silva,7,2020 EuroTour Treviso,134
134,2020-02-20 18:00:00,Mario He,9,Thomas Knittel,5,2020 EuroTour Treviso,135
135,2020-02-20 18:00:00,Oliver Ortmann,8,Mihai Robert Braga,9,2020 EuroTour Treviso,136
136,2020-02-20 18:00:00,Jan VanLierop,8,Konstantinos Koukiadakis,9,2020 EuroTour Treviso,137
137,2020-02-20 19:30:00,Aleksa Pecelj,9,Francisco SanchezRuiz,7,2020 EuroTour Treviso,138
138,2020-02-20 15:00:00,Denis Grabe,9,Daniel Maciol,6,2020 EuroTour Treviso,139
139,2020-02-20 15:00:00,Juan Lizana,3,Jose Alberto Delgado,9,2020 EuroTour Treviso,140
140,2020-02-20 16:30:00,Ole-Tobias Gangflot,3,Wilhelm Georg,9,2020 EuroTour Treviso,141
141,2020-02-20 16:30:00,Tim DeRuyter,9,Miesko Fortunski,4,2020 EuroTour Treviso,142
142,2020-02-20 18:00:00,Jakub Koniar,9,John Torres,2,2020 EuroTour Treviso,143
143,2020-02-20 18:00:00,Dylan Vyvey,5,Marco Dorenburg,9,2020 EuroTour Treviso,144
144,2020-02-20 18:00:00,Yannick Pongers,9,Enrik Tenk,4,2020 EuroTour Treviso,145
145,2020-02-20 19:30:00,Andreja Klasovic,5,Mark Gray,9,2020 EuroTour Treviso,146
146,2020-02-20 19:30:00,Valeriia Trushevskaia,9,Massimiliano Corso,5,2020 EuroTour Treviso,147
147,2020-02-20 19:30:00,Ivan Nunez,9,Cosimo Esposito,1,2020 EuroTour Treviso,148
148,2020-02-20 21:00:00,Elio Sammarini,9,Athanasios Vrakas,2,2020 EuroTour Treviso,149
149,2020-02-20 19:30:00,Mauro Castriota,9,Dmytro Skorokhodov,6,2020 EuroTour Treviso,150
150,2020-02-20 21:00:00,Attila Bezdan,9,Carlos Cabello,5,2020 EuroTour Treviso,151
151,2020-02-20 19:30:00,Gabriel Ciprian,5,Ragnar Gronsten,9,2020 EuroTour Treviso,152
152,2020-02-20 21:00:00,Gabriel Syarov,3,Ville Hamalainen,9,2020 EuroTour Treviso,153
153,2020-02-20 19:30:00,Vasile Cozma,9,Alberto Damico,5,2020 EuroTour Treviso,154
154,2020-02-20 21:00:00,Amar Gjyshinca,2,Jasmin Ouschan,9,2020 EuroTour Treviso,155
155,2020-02-20 19:30:00,Johanna Vartiainen,1,Lars Kuckherm,9,2020 EuroTour Treviso,156
156,2020-02-20 19:30:00,Lefteris Georgiou,8,Giuseppe Iacobucci,9,2020 EuroTour Treviso,157
157,2020-02-20 21:00:00,Moritz Lauwereyns,9,Stefano Dellino,6,2020 EuroTour Treviso,158
158,2020-02-20 19:30:00,Daniel Leon,0,George Antonakis,9,2020 EuroTour Treviso,159
159,2020-02-20 21:00:00,Adam Mscisz,4,Nico Sallmayer,9,2020 EuroTour Treviso,160
160,2020-02-20 19:30:00,Zdenko Lisik,1,Marko Lisnic,9,2020 EuroTour Treviso,161
161,2020-02-20 21:00:00,Marco Palmieri,4,Pepijn DeWit,9,2020 EuroTour Treviso,162
162,2020-02-20 19:30:00,Giacomo Maria Amorati,2,Emil-Andre Gangflot,9,2020 EuroTour Treviso,163
163,2020-02-20 19:30:00,Antonino Falduto,2,Menelaos Lolas,9,2020 EuroTour Treviso,164
164,2020-02-20 21:00:00,Vitaliy Patsura,9,Pedro Pereira,5,2020 EuroTour Treviso,165
165,2020-02-20 19:30:00,Valeriia Trushevskaia,9,Massimiliano Corso,5,2020 EuroTour Treviso,166
166,2020-02-20 19:30:00,Ivan Nunez,9,Cosimo Esposito,1,2020 EuroTour Treviso,167
167,2020-02-20 21:00:00,Elio Sammarini,9,Athanasios Vrakas,2,2020 EuroTour Treviso,168
168,2020-02-20 19:30:00,Mauro Castriota,9,Dmytro Skorokhodov,6,2020 EuroTour Treviso,169
169,2020-02-20 21:00:00,Attila Bezdan,9,Carlos Cabello,5,2020 EuroTour Treviso,170
170,2020-02-20 19:30:00,Gabriel Ciprian,5,Ragnar Gronsten,9,2020 EuroTour Treviso,171
171,2020-02-20 21:00:00,Gabriel Syarov,3,Ville Hamalainen,9,2020 EuroTour Treviso,172
172,2020-02-20 19:30:00,Vasile Cozma,9,Alberto Damico,5,2020 EuroTour Treviso,173
173,2020-02-20 21:00:00,Amar Gjyshinca,2,Jasmin Ouschan,9,2020 EuroTour Treviso,174
174,2020-02-20 19:30:00,Johanna Vartiainen,1,Lars Kuckherm,9,2020 EuroTour Treviso,175
175,2020-02-20 19:30:00,Lefteris Georgiou,8,Giuseppe Iacobucci,9,2020 EuroTour Treviso,176
176,2020-02-20 21:00:00,Moritz Lauwereyns,9,Stefano Dellino,6,2020 EuroTour Treviso,177
177,2020-02-20 19:30:00,Daniel Leon,0,George Antonakis,9,2020 EuroTour Treviso,178
178,2020-02-20 21:00:00,Adam Mscisz,4,Nico Sallmayer,9,2020 EuroTour Treviso,179
179,2020-02-20 19:30:00,Zdenko Lisik,1,Marko Lisnic,9,2020 EuroTour Treviso,180
180,2020-02-20 21:00:00,Marco Palmieri,4,Pepijn DeWit,9,2020 EuroTour Treviso,181
181,2020-02-20 19:30:00,Giacomo Maria Amorati,2,Emil-Andre Gangflot,9,2020 EuroTour Treviso,182
182,2020-02-20 19:30:00,Antonino Falduto,2,Menelaos Lolas,9,2020 EuroTour Treviso,183
183,2020-02-20 21:00:00,Vitaliy Patsura,9,Pedro Pereira,5,2020 EuroTour Treviso,184
184,2020-02-20 21:00:00,Adrian Weiss,9,Gianluca Cappella,3,2020 EuroTour Treviso,185
185,2020-02-20 21:00:00,Valeriia Trushevskaia,2,Niklas Dohr,9,2020 EuroTour Treviso,186
186,2020-02-20 22:30:00,Thorsten Hohmann,9,Chris Melling,8,2020 EuroTour Treviso,187
187,2020-02-20 22:30:00,Stefan Gruber,3,Francesco Candela,9,2020 EuroTour Treviso,188
188,2020-02-20 22:30:00,Ole Kristian Rudshavn,9,Moritz Neuhausen,7,2020 EuroTour Treviso,189
189,2020-02-20 23:45:00,Ivan Nunez,9,Alberto Ferrara,6,2020 EuroTour Treviso,190
190,2020-02-20 23:45:00,Elio Sammarini,6,Jan Rempe,9,2020 EuroTour Treviso,191
191,2020-02-21 09:00:00,Francesco Garzia,4,Sergio Lagunas,9,2020 EuroTour Treviso,192
192,2020-02-20 21:00:00,Michael Schneider,5,Fabio Rizzi,9,2020 EuroTour Treviso,193
193,2020-02-20 21:00:00,Mauro Castriota,9,Jorge Garcia-Fonseca,3,2020 EuroTour Treviso,194
194,2020-02-20 22:30:00,Matteo Angelini,3,Mihkel Rehepap,9,2020 EuroTour Treviso,195
195,2020-02-20 22:30:00,Stefan Sprangers,9,Zoran Pucar,4,2020 EuroTour Treviso,196
196,2020-02-20 22:30:00,Alessandro Giordani,7,Daniel Konrad,9,2020 EuroTour Treviso,197
197,2020-02-20 23:45:00,Sebastian Batkowski,9,Pia Filler,7,2020 EuroTour Treviso,198
198,2020-02-20 23:45:00,Attila Bezdan,9,Johannes Geihe,6,2020 EuroTour Treviso,199
199,2020-02-21 09:00:00,Florijan Maric,4,Piotr Ostrowski,9,2020 EuroTour Treviso,200
200,2020-02-20 21:00:00,Max Henning,3,Marc Bijsterbosch,9,2020 EuroTour Treviso,201
201,2020-02-20 21:00:00,Ragnar Gronsten,2,Christian Froehlich,9,2020 EuroTour Treviso,202
202,2020-02-20 22:30:00,Enrico Falappa,4,Andrea Cianciaruso,9,2020 EuroTour Treviso,203
203,2020-02-20 22:30:00,Thorsten Bonke,0,Francisco Diaz-Pizarro,9,2020 EuroTour Treviso,204
204,2020-02-20 23:45:00,Martin Kramer,0,Giovanni DiMartino,9,2020 EuroTour Treviso,205
205,2020-02-20 23:45:00,Ville Hamalainen,8,Imran Majid,9,2020 EuroTour Treviso,206
206,2020-02-21 09:00:00,Chris Patient,1,Ruslan Chinahov,9,2020 EuroTour Treviso,207
207,2020-02-20 21:00:00,Karl Gnadenberg,2,Damianos Giallourakis,9,2020 EuroTour Treviso,208
208,2020-02-20 21:00:00,Vasile Cozma,1,Darren Appleton,9,2020 EuroTour Treviso,209
209,2020-02-20 22:30:00,Pedro Teixera,9,Michael Huetter,2,2020 EuroTour Treviso,210
210,2020-02-20 22:30:00,Michele Bianchini,8,Viacheslav Skvortsov,9,2020 EuroTour Treviso,211
211,2020-02-20 23:45:00,Bruno Bernardo,3,Alex Montpellier,9,2020 EuroTour Treviso,212
212,2020-02-20 23:45:00,Marc CodinaLlonch,8,Andrey Seroshtan,9,2020 EuroTour Treviso,213
213,2020-02-20 23:45:00,Jasmin Ouschan,7,Marharyta Fefilava,9,2020 EuroTour Treviso,214
214,2020-02-21 09:00:00,Johan Pale,6,Daniel Resch,9,2020 EuroTour Treviso,215
215,2020-02-20 21:00:00,Pijus Labutis,9,Mariusz Skoneczny,7,2020 EuroTour Treviso,216
216,2020-02-20 21:00:00,Lars Kuckherm,9,Gianluca Ascheri,5,2020 EuroTour Treviso,217
217,2020-02-20 22:30:00,Andrea Milioli,3,Wojciech Sroczynski,9,2020 EuroTour Treviso,218
218,2020-02-20 22:30:00,Stephen Defrasnes,1,Zoran Svilar,9,2020 EuroTour Treviso,219
219,2020-02-20 23:45:00,Miquel Canillas,2,Mats Schjetne,9,2020 EuroTour Treviso,220
220,2020-02-20 23:45:00,Giuseppe Iacobucci,9,Michal Turkowski,4,2020 EuroTour Treviso,221
221,2020-02-20 23:45:00,Moritz Lauwereyns,9,Gabor Solymosi,7,2020 EuroTour Treviso,222
222,2020-02-21 09:00:00,Georgi Georgiev,9,Stanimir Ruslanov,7,2020 EuroTour Treviso,223
223,2020-02-20 21:00:00,Francisco Gatsby,9,Steve Heeb,8,2020 EuroTour Treviso,224
224,2020-02-20 22:30:00,George Antonakis,9,Valerio Castellano,2,2020 EuroTour Treviso,225
225,2020-02-20 22:30:00,Elise Qiu,4,Babken Melkonyan,9,2020 EuroTour Treviso,226
226,2020-02-20 22:30:00,Ruben Alves,2,Ramazan Akdag,9,2020 EuroTour Treviso,227
227,2020-02-20 23:45:00,Javier DelSanto-Sanz,7,Adam Stankiewicz,9,2020 EuroTour Treviso,228
228,2020-02-20 23:45:00,Emilio-Jofre Domenech,6,Thomas Poschl,9,2020 EuroTour Treviso,229
229,2020-02-20 23:45:00,Nico Sallmayer,9,Jan Wolf,6,2020 EuroTour Treviso,230
230,2020-02-20 21:00:00,Daniel Pleunik,1,Francisco SanchezRuiz,9,2020 EuroTour Treviso,231
231,2020-02-20 22:30:00,Marko Lisnic,5,Jan VanLierop,9,2020 EuroTour Treviso,232
232,2020-02-20 22:30:00,Casper Matikainen,9,Oliver Ortmann,2,2020 EuroTour Treviso,233
233,2020-02-20 22:30:00,Luca Montanari,8,Thomas Knittel,9,2020 EuroTour Treviso,234
234,2020-02-20 23:45:00,Albert Stensrod,6,Miquel Silva,9,2020 EuroTour Treviso,235
235,2020-02-20 23:45:00,Matjaz Erculj,8,Benji Buckley,9,2020 EuroTour Treviso,236
236,2020-02-20 23:45:00,Pepijn DeWit,9,Vincent Gomez,1,2020 EuroTour Treviso,237
237,2020-02-21 09:00:00,Riccardo Sini,9,Hervis Hamid,1,2020 EuroTour Treviso,238
238,2020-02-20 21:00:00,Daniele Corrieri,9,Andreja Klasovic,2,2020 EuroTour Treviso,239
239,2020-02-20 22:30:00,Emil-Andre Gangflot,9,Enrik Tenk,2,2020 EuroTour Treviso,240
240,2020-02-20 22:30:00,Fabio Petroni,9,Dylan Vyvey,3,2020 EuroTour Treviso,241
241,2020-02-20 22:30:00,Vasileios Zoidis,9,John Torres,8,2020 EuroTour Treviso,242
242,2020-02-20 23:45:00,Roman Schleiner,3,Miesko Fortunski,9,2020 EuroTour Treviso,243
243,2020-02-20 23:45:00,Menelaos Lolas,7,Ole-Tobias Gangflot,9,2020 EuroTour Treviso,244
244,2020-02-21 09:00:00,Vitaliy Patsura,9,Juan Lizana,0,2020 EuroTour Treviso,245
245,2020-02-21 09:00:00,Marcel Stecher,7,Daniel Maciol,9,2020 EuroTour Treviso,246
246,2020-02-21 09:00:00,Joshua Filler,9,Henrique Correia,4,2020 EuroTour Treviso,247
247,2020-02-21 09:00:00,Petri Makkonen,9,Niels Feijen,8,2020 EuroTour Treviso,248
248,2020-02-21 10:30:00,Ivar Saris,8,Tobias Bongers,9,2020 EuroTour Treviso,249
249,2020-02-21 10:30:00,Jani Uski,9,Oliver Szolnoki,8,2020 EuroTour Treviso,250
250,2020-02-21 09:00:00,Mateusz Sniegocki,9,Jonas Souto,6,2020 EuroTour Treviso,251
251,2020-02-21 09:00:00,Gerasimos Trivizas,5,Sanjin Pehlivanovic,9,2020 EuroTour Treviso,252
252,2020-02-21 10:30:00,Roman Hybler,9,Vladimir Matvienko,4,2020 EuroTour Treviso,253
253,2020-02-21 10:30:00,Mario Valchev,5,Ralf Souquet,9,2020 EuroTour Treviso,254
254,2020-02-21 09:00:00,Jani Siekkinen,4,Jere Virtaranta,9,2020 EuroTour Treviso,255
255,2020-02-21 09:00:00,Mustafa Alnar,5,Dimitris Loukatos,9,2020 EuroTour Treviso,256
256,2020-02-21 10:30:00,Albin Ouschan,9,Yvonne Ullmann-Hybler,1,2020 EuroTour Treviso,257
257,2020-02-21 10:30:00,Sergey Lutsker,9,Davy Piergiovanni,7,2020 EuroTour Treviso,258
258,2020-02-21 09:00:00,Fedor Gorst,9,Ronald Regli,4,2020 EuroTour Treviso,259
259,2020-02-21 09:00:00,Arjan Matrizi,8,Radoslaw Babica,9,2020 EuroTour Treviso,260
260,2020-02-21 10:30:00,David Alcaide,9,Osman Sanlisoy,5,2020 EuroTour Treviso,261
261,2020-02-21 10:30:00,Jeppe Thyde,7,Quinten Pongers,9,2020 EuroTour Treviso,262
262,2020-02-21 09:00:00,Eklent Kaci,9,Manuel Pereira,1,2020 EuroTour Treviso,263
263,2020-02-21 10:30:00,Nikos Ekonomopoulos,9,Nick Malai,8,2020 EuroTour Treviso,264
264,2020-02-21 10:30:00,Maksim Dudanets,6,Elliott Sanderson,9,2020 EuroTour Treviso,265
265,2020-02-21 10:30:00,Karol Skowerski,9,Thomasz Kaplan,6,2020 EuroTour Treviso,266
266,2020-02-21 09:00:00,Alexander Kazakis,7,Jayson Shaw,9,2020 EuroTour Treviso,267
267,2020-02-21 10:30:00,Andreas Madsen,8,Wojciech Szewczyk,9,2020 EuroTour Treviso,268
268,2020-02-21 10:30:00,Wiktor Zielinski,9,Piotr Likowski,4,2020 EuroTour Treviso,269
269,2020-02-21 10:30:00,Gianmarco Tonini,6,Maximillian Lechner,9,2020 EuroTour Treviso,270
270,2020-02-21 09:00:00,Konrad Juszczyszyn,9,Dimitri Jungo,5,2020 EuroTour Treviso,271
271,2020-02-21 10:30:00,Marcel Price,7,Mickey Krause,9,2020 EuroTour Treviso,272
272,2020-02-21 10:30:00,Mario He,9,Mihai Robert Braga,2,2020 EuroTour Treviso,273
273,2020-02-21 10:30:00,Konstantinos Koukiadakis,5,Aleksa Pecelj,9,2020 EuroTour Treviso,274
274,2020-02-21 09:00:00,Denis Grabe,6,Jose Alberto Delgado,9,2020 EuroTour Treviso,275
275,2020-02-21 10:30:00,Wilhelm Georg,2,Tim DeRuyter,9,2020 EuroTour Treviso,276
276,2020-02-21 10:30:00,Jakub Koniar,3,Marco Dorenburg,9,2020 EuroTour Treviso,277
277,2020-02-21 10:30:00,Yannick Pongers,2,Mark Gray,9,2020 EuroTour Treviso,278
278,2020-02-21 10:30:00,Adrian Weiss,3,Niklas Dohr,9,2020 EuroTour Treviso,279
279,2020-02-21 12:00:00,Thorsten Hohmann,9,Francesco Candela,4,2020 EuroTour Treviso,280
280,2020-02-21 12:00:00,Ole Kristian Rudshavn,5,Ivan Nunez,9,2020 EuroTour Treviso,281
281,2020-02-21 13:30:00,Jan Rempe,9,Sergio Lagunas,8,2020 EuroTour Treviso,282
282,2020-02-21 12:00:00,Fabio Rizzi,9,Mauro Castriota,6,2020 EuroTour Treviso,283
283,2020-02-21 12:00:00,Mihkel Rehepap,9,Stefan Sprangers,5,2020 EuroTour Treviso,284
284,2020-02-21 12:00:00,Daniel Konrad,2,Sebastian Batkowski,9,2020 EuroTour Treviso,285
285,2020-02-21 13:30:00,Attila Bezdan,9,Piotr Ostrowski,8,2020 EuroTour Treviso,286
286,2020-02-21 12:00:00,Marc Bijsterbosch,4,Christian Froehlich,9,2020 EuroTour Treviso,287
287,2020-02-21 12:00:00,Andrea Cianciaruso,3,Francisco Diaz-Pizarro,9,2020 EuroTour Treviso,288
288,2020-02-21 12:00:00,Giovanni DiMartino,8,Jannik Putsche,9,2020 EuroTour Treviso,289
289,2020-02-21 13:30:00,Imran Majid,3,Ruslan Chinahov,9,2020 EuroTour Treviso,290
290,2020-02-21 12:00:00,Damianos Giallourakis,2,Darren Appleton,9,2020 EuroTour Treviso,291
291,2020-02-21 12:00:00,Pedro Teixera,9,Viacheslav Skvortsov,6,2020 EuroTour Treviso,292
292,2020-02-21 12:00:00,Alex Montpellier,9,Andrey Seroshtan,8,2020 EuroTour Treviso,293
293,2020-02-21 13:30:00,Marharyta Fefilava,9,Daniel Resch,8,2020 EuroTour Treviso,294
294,2020-02-21 12:00:00,Pijus Labutis,5,Lars Kuckherm,9,2020 EuroTour Treviso,295
295,2020-02-21 12:00:00,Wojciech Sroczynski,7,Zoran Svilar,9,2020 EuroTour Treviso,296
296,2020-02-21 12:00:00,Mats Schjetne,9,Giuseppe Iacobucci,3,2020 EuroTour Treviso,297
297,2020-02-21 13:30:00,Moritz Lauwereyns,6,Georgi Georgiev,9,2020 EuroTour Treviso,298
298,2020-02-21 12:00:00,Francisco Gatsby,5,George Antonakis,9,2020 EuroTour Treviso,299
299,2020-02-21 12:00:00,Babken Melkonyan,7,Ramazan Akdag,9,2020 EuroTour Treviso,300
300,2020-02-21 12:00:00,Adam Stankiewicz,1,Thomas Poschl,9,2020 EuroTour Treviso,301
301,2020-02-21 13:30:00,Nico Sallmayer,9,Bora Anar,5,2020 EuroTour Treviso,302
302,2020-02-21 12:00:00,Francisco SanchezRuiz,9,Jan VanLierop,7,2020 EuroTour Treviso,303
303,2020-02-21 12:00:00,Casper Matikainen,9,Thomas Knittel,4,2020 EuroTour Treviso,304
304,2020-02-21 13:30:00,Miquel Silva,9,Benji Buckley,4,2020 EuroTour Treviso,305
305,2020-02-21 13:30:00,Pepijn DeWit,9,Riccardo Sini,3,2020 EuroTour Treviso,306
306,2020-02-21 12:00:00,Daniele Corrieri,9,Emil-Andre Gangflot,3,2020 EuroTour Treviso,307
307,2020-02-21 12:00:00,Fabio Petroni,9,Vasileios Zoidis,5,2020 EuroTour Treviso,308
308,2020-02-21 13:30:00,Miesko Fortunski,9,Ole-Tobias Gangflot,5,2020 EuroTour Treviso,309
309,2020-02-21 13:30:00,Vitaliy Patsura,9,Daniel Maciol,8,2020 EuroTour Treviso,310
310,2020-02-21 13:30:00,Niklas Dohr,4,Niels Feijen,9,2020 EuroTour Treviso,311
311,2020-02-21 13:30:00,Thorsten Hohmann,9,Henrique Correia,5,2020 EuroTour Treviso,312
312,2020-02-21 15:00:00,Ivan Nunez,3,Oliver Szolnoki,9,2020 EuroTour Treviso,313
313,2020-02-21 15:00:00,Jan Rempe,9,Ivar Saris,8,2020 EuroTour Treviso,314
314,2020-02-21 13:30:00,Fabio Rizzi,9,Gerasimos Trivizas,6,2020 EuroTour Treviso,315
315,2020-02-21 13:30:00,Mihkel Rehepap,9,Jonas Souto,8,2020 EuroTour Treviso,316
316,2020-02-21 15:00:00,Sebastian Batkowski,9,Mario Valchev,3,2020 EuroTour Treviso,317
317,2020-02-21 15:00:00,Attila Bezdan,9,Vladimir Matvienko,7,2020 EuroTour Treviso,318
318,2020-02-21 13:30:00,Christian Froehlich,9,Mustafa Alnar,8,2020 EuroTour Treviso,319
319,2020-02-21 13:30:00,Francisco Diaz-Pizarro,3,Jani Siekkinen,9,2020 EuroTour Treviso,320
320,2020-02-21 15:00:00,Jannik Putsche,3,Davy Piergiovanni,9,2020 EuroTour Treviso,321
321,2020-02-21 15:00:00,Ruslan Chinahov,9,Yvonne Ullmann-Hybler,1,2020 EuroTour Treviso,322
322,2020-02-21 13:30:00,Darren Appleton,9,Arjan Matrizi,5,2020 EuroTour Treviso,323
323,2020-02-21 15:00:00,Pedro Teixera,2,Ronald Regli,9,2020 EuroTour Treviso,324
324,2020-02-21 15:00:00,Alex Montpellier,7,Jeppe Thyde,9,2020 EuroTour Treviso,325
325,2020-02-21 15:00:00,Marharyta Fefilava,9,Osman Sanlisoy,5,2020 EuroTour Treviso,326
326,2020-02-21 13:30:00,Lars Kuckherm,7,Nick Malai,9,2020 EuroTour Treviso,327
327,2020-02-21 15:00:00,Zoran Svilar,9,Manuel Pereira,5,2020 EuroTour Treviso,328
328,2020-02-21 15:00:00,Mats Schjetne,6,Thomasz Kaplan,9,2020 EuroTour Treviso,329
329,2020-02-21 15:00:00,Georgi Georgiev,9,Maksim Dudanets,7,2020 EuroTour Treviso,330
330,2020-02-21 13:30:00,George Antonakis,9,Andreas Madsen,7,2020 EuroTour Treviso,331
331,2020-02-21 15:00:00,Ramazan Akdag,7,Alexander Kazakis,9,2020 EuroTour Treviso,332
332,2020-02-21 15:00:00,Thomas Poschl,6,Gianmarco Tonini,9,2020 EuroTour Treviso,333
333,2020-02-21 15:00:00,Nico Sallmayer,9,Piotr Likowski,5,2020 EuroTour Treviso,334
334,2020-02-21 13:30:00,Francisco SanchezRuiz,9,Marcel Price,8,2020 EuroTour Treviso,335
335,2020-02-21 15:00:00,Casper Matikainen,9,Dimitri Jungo,6,2020 EuroTour Treviso,336
336,2020-02-21 15:00:00,Miquel Silva,9,Konstantinos Koukiadakis,3,2020 EuroTour Treviso,337
337,2020-02-21 15:00:00,Pepijn DeWit,9,Mihai Robert Braga,0,2020 EuroTour Treviso,338
338,2020-02-21 13:30:00,Daniele Corrieri,9,Wilhelm Georg,3,2020 EuroTour Treviso,339
339,2020-02-21 15:00:00,Fabio Petroni,9,Denis Grabe,5,2020 EuroTour Treviso,340
340,2020-02-21 15:00:00,Miesko Fortunski,9,Yannick Pongers,6,2020 EuroTour Treviso,341
341,2020-02-21 15:00:00,Vitaliy Patsura,9,Jakub Koniar,4,2020 EuroTour Treviso,342
342,2020-02-21 16:30:00,Niels Feijen,9,Thorsten Hohmann,7,2020 EuroTour Treviso,343
343,2020-02-21 18:00:00,Oliver Szolnoki,9,Jan Rempe,6,2020 EuroTour Treviso,344
344,2020-02-21 16:30:00,Fabio Rizzi,9,Mihkel Rehepap,1,2020 EuroTour Treviso,345
345,2020-02-21 18:00:00,Sebastian Batkowski,7,Attila Bezdan,9,2020 EuroTour Treviso,346
346,2020-02-21 16:30:00,Christian Froehlich,7,Jani Siekkinen,9,2020 EuroTour Treviso,347
347,2020-02-21 18:00:00,Davy Piergiovanni,3,Ruslan Chinahov,9,2020 EuroTour Treviso,348
348,2020-02-21 16:30:00,Darren Appleton,6,Ronald Regli,9,2020 EuroTour Treviso,349
349,2020-02-21 18:00:00,Jeppe Thyde,8,Marharyta Fefilava,9,2020 EuroTour Treviso,350
350,2020-02-21 16:30:00,Nick Malai,9,Zoran Svilar,7,2020 EuroTour Treviso,351
351,2020-02-21 18:00:00,Thomasz Kaplan,9,Georgi Georgiev,4,2020 EuroTour Treviso,352
352,2020-02-21 18:00:00,George Antonakis,2,Alexander Kazakis,9,2020 EuroTour Treviso,353
353,2020-02-21 18:00:00,Gianmarco Tonini,9,Nico Sallmayer,5,2020 EuroTour Treviso,354
354,2020-02-21 18:00:00,Francisco SanchezRuiz,9,Casper Matikainen,6,2020 EuroTour Treviso,355
355,2020-02-21 18:00:00,Miquel Silva,6,Pepijn DeWit,9,2020 EuroTour Treviso,356
356,2020-02-21 18:00:00,Daniele Corrieri,5,Fabio Petroni,9,2020 EuroTour Treviso,357
357,2020-02-21 18:00:00,Miesko Fortunski,9,Vitaliy Patsura,5,2020 EuroTour Treviso,358
358,2020-02-21 16:30:00,Joshua Filler,9,Petri Makkonen,5,2020 EuroTour Treviso,359
359,2020-02-21 16:30:00,Tobias Bongers,9,Jani Uski,3,2020 EuroTour Treviso,360
360,2020-02-21 16:30:00,Mateusz Sniegocki,7,Sanjin Pehlivanovic,9,2020 EuroTour Treviso,361
361,2020-02-21 16:30:00,Roman Hybler,3,Ralf Souquet,9,2020 EuroTour Treviso,362
362,2020-02-21 16:30:00,Jere Virtaranta,9,Dimitris Loukatos,7,2020 EuroTour Treviso,363
363,2020-02-21 16:30:00,Albin Ouschan,9,Sergey Lutsker,1,2020 EuroTour Treviso,364
364,2020-02-21 16:30:00,Fedor Gorst,6,Radoslaw Babica,9,2020 EuroTour Treviso,365
365,2020-02-21 16:30:00,David Alcaide,9,Quinten Pongers,2,2020 EuroTour Treviso,366
366,2020-02-21 16:30:00,Eklent Kaci,9,Nikos Ekonomopoulos,6,2020 EuroTour Treviso,367
367,2020-02-21 16:30:00,Elliott Sanderson,6,Karol Skowerski,9,2020 EuroTour Treviso,368
368,2020-02-21 16:30:00,Jayson Shaw,5,Wojciech Szewczyk,9,2020 EuroTour Treviso,369
369,2020-02-21 16:30:00,Wiktor Zielinski,6,Maximillian Lechner,9,2020 EuroTour Treviso,370
370,2020-02-21 16:30:00,Konrad Juszczyszyn,8,Mickey Krause,9,2020 EuroTour Treviso,371
371,2020-02-21 16:30:00,Mario He,9,Aleksa Pecelj,6,2020 EuroTour Treviso,372
372,2020-02-21 16:30:00,Jose Alberto Delgado,3,Tim DeRuyter,9,2020 EuroTour Treviso,373
373,2020-02-21 16:30:00,Marco Dorenburg,9,Mark Gray,8,2020 EuroTour Treviso,374
374,2020-02-21 18:00:00,Niels Feijen,6,Petri Makkonen,9,2020 EuroTour Treviso,375
375,2020-02-21 19:30:00,Oliver Szolnoki,7,Jani Uski,9,2020 EuroTour Treviso,376
376,2020-02-21 18:00:00,Fabio Rizzi,3,Mateusz Sniegocki,9,2020 EuroTour Treviso,377
377,2020-02-21 19:30:00,Attila Bezdan,5,Roman Hybler,9,2020 EuroTour Treviso,378
378,2020-02-21 18:00:00,Jani Siekkinen,7,Dimitris Loukatos,9,2020 EuroTour Treviso,379
379,2020-02-21 19:30:00,Ruslan Chinahov,8,Sergey Lutsker,9,2020 EuroTour Treviso,380
380,2020-02-21 18:00:00,Ronald Regli,5,Fedor Gorst,9,2020 EuroTour Treviso,381
381,2020-02-21 19:30:00,Marharyta Fefilava,9,Quinten Pongers,4,2020 EuroTour Treviso,382
382,2020-02-21 18:00:00,Nick Malai,9,Nikos Ekonomopoulos,3,2020 EuroTour Treviso,383
383,2020-02-21 19:30:00,Thomasz Kaplan,9,Elliott Sanderson,4,2020 EuroTour Treviso,384
384,2020-02-21 19:30:00,Alexander Kazakis,8,Jayson Shaw,9,2020 EuroTour Treviso,385
385,2020-02-21 19:30:00,Gianmarco Tonini,3,Wiktor Zielinski,9,2020 EuroTour Treviso,386
386,2020-02-21 19:30:00,Francisco SanchezRuiz,9,Konrad Juszczyszyn,3,2020 EuroTour Treviso,387
387,2020-02-21 19:30:00,Pepijn DeWit,9,Aleksa Pecelj,7,2020 EuroTour Treviso,388
388,2020-02-21 19:30:00,Fabio Petroni,9,Jose Alberto Delgado,2,2020 EuroTour Treviso,389
389,2020-02-21 19:30:00,Miesko Fortunski,9,Mark Gray,6,2020 EuroTour Treviso,390
390,2020-02-21 21:30:00,Joshua Filler,8,Fedor Gorst,9,2020 EuroTour Treviso,391
391,2020-02-21 21:30:00,Tobias Bongers,9,Pepijn DeWit,2,2020 EuroTour Treviso,392
392,2020-02-21 21:30:00,Sanjin Pehlivanovic,8,Roman Hybler,9,2020 EuroTour Treviso,393
393,2020-02-21 21:30:00,Ralf Souquet,3,Francisco SanchezRuiz,9,2020 EuroTour Treviso,394
394,2020-02-21 21:30:00,Jere Virtaranta,2,Jani Uski,9,2020 EuroTour Treviso,395
395,2020-02-21 21:30:00,Albin Ouschan,8,Jayson Shaw,9,2020 EuroTour Treviso,396
396,2020-02-21 21:30:00,Radoslaw Babica,5,Thomasz Kaplan,9,2020 EuroTour Treviso,397
397,2020-02-21 21:30:00,David Alcaide,8,Petri Makkonen,9,2020 EuroTour Treviso,398
398,2020-02-21 21:30:00,Eklent Kaci,9,Sergey Lutsker,6,2020 EuroTour Treviso,399
399,2020-02-21 21:30:00,Karol Skowerski,9,Dimitris Loukatos,2,2020 EuroTour Treviso,400
400,2020-02-21 21:30:00,Wojciech Szewczyk,1,Miesko Fortunski,9,2020 EuroTour Treviso,401
401,2020-02-21 21:30:00,Maximillian Lechner,9,Nick Malai,6,2020 EuroTour Treviso,402
402,2020-02-21 21:30:00,Mickey Krause,9,Marharyta Fefilava,7,2020 EuroTour Treviso,403
403,2020-02-21 21:30:00,Mario He,9,Fabio Petroni,7,2020 EuroTour Treviso,404
404,2020-02-21 21:30:00,Tim DeRuyter,9,Wiktor Zielinski,7,2020 EuroTour Treviso,405
405,2020-02-21 21:30:00,Marco Dorenburg,5,Mateusz Sniegocki,9,2020 EuroTour Treviso,406
406,2020-02-22 10:00:00,Fedor Gorst,9,Tobias Bongers,7,2020 EuroTour Treviso,407
407,2020-02-22 10:00:00,Roman Hybler,2,Francisco SanchezRuiz,9,2020 EuroTour Treviso,408
408,2020-02-22 10:00:00,Jani Uski,8,Jayson Shaw,9,2020 EuroTour Treviso,409
409,2020-02-22 10:00:00,Thomasz Kaplan,9,Petri Makkonen,7,2020 EuroTour Treviso,410
410,2020-02-22 10:00:00,Eklent Kaci,9,Karol Skowerski,6,2020 EuroTour Treviso,411
411,2020-02-22 10:00:00,Miesko Fortunski,8,Maximillian Lechner,9,2020 EuroTour Treviso,412
412,2020-02-22 10:00:00,Mickey Krause,9,Mario He,7,2020 EuroTour Treviso,413
413,2020-02-22 10:00:00,Tim DeRuyter,7,Mateusz Sniegocki,9,2020 EuroTour Treviso,414
414,2020-02-22 12:00:00,Fedor Gorst,9,Francisco SanchezRuiz,5,2020 EuroTour Treviso,415
415,2020-02-22 12:00:00,Jayson Shaw,9,Thomasz Kaplan,4,2020 EuroTour Treviso,416
416,2020-02-22 12:00:00,Eklent Kaci,9,Maximillian Lechner,0,2020 EuroTour Treviso,417
417,2020-02-22 12:00:00,Mickey Krause,4,Mateusz Sniegocki,9,2020 EuroTour Treviso,418
418,2020-02-22 14:00:00,Fedor Gorst,3,Jayson Shaw,9,2020 EuroTour Treviso,419
419,2020-02-22 15:30:00,Eklent Kaci,9,Mateusz Sniegocki,6,2020 EuroTour Treviso,420
420,2020-02-22 17:30:00,Jayson Shaw,9,Eklent Kaci,8,2020 EuroTour Treviso,421
421,2019-02-17 00:00:00,Alex Montpellier,3,Fedor Gorst,9,2019 Leende Open,1
422,2019-02-17 00:00:00,Gorgi Georgiev,6,Ralf Souquet,9,2019 Leende Open,2
423,2019-02-17 00:00:00,Wiktor Zieliński,9,Luca Nicoletti,1,2019 Leende Open,3
424,2019-02-17 00:00:00,Daniel Maciol,9,Besar Spahiu,4,2019 Leende Open,4
425,2019-02-17 00:00:00,Imran Majid,9,Hubert Lopotko,6,2019 Leende Open,5
426,2019-02-17 00:00:00,Attila Bezdan,4,Francisco Sánchez Ruíz,9,2019 Leende Open,6
427,2019-02-17 00:00:00,Ruslan Chinachov,9,Stanimir Ruslanov,2,2019 Leende Open,7
428,2019-02-17 00:00:00,Sanjin Pehlivanovic,1,Niels Feijen,9,2019 Leende Open,8
429,2019-02-17 00:00:00,Joshua Filler,9,Konstantinos Koukiadakis,3,2019 Leende Open,9
430,2019-02-17 00:00:00,Wojciech Szewczyk,9,Mats Schjetne,4,2019 Leende Open,10
431,2019-02-17 00:00:00,Mark Gray,9,Tomasz Kapłan,7,2019 Leende Open,11
432,2019-02-17 00:00:00,Damianos Giallourakis,9,Oliver Ortmann,7,2019 Leende Open,12
433,2019-02-17 00:00:00,Maximilian Lechner,9,Tobias Bongers,6,2019 Leende Open,13
434,2019-02-17 00:00:00,Marek Kudlik,9,Marc Bijsterbosch,7,2019 Leende Open,14
435,2019-02-17 00:00:00,Jani Uski,6,Dimitris Loukatos,9,2019 Leende Open,15
436,2019-02-17 00:00:00,Kim Laaksonen,6,Albin Ouschan,9,2019 Leende Open,16
437,2019-02-17 00:00:00,Fedor Gorst,7,Ralf Souquet,9,2019 Leende Open,17
438,2019-02-17 00:00:00,Wiktor Zieliński,9,Daniel Maciol,5,2019 Leende Open,18
439,2019-02-17 00:00:00,Imran Majid,8,Francisco Sánchez Ruíz,9,2019 Leende Open,19
440,2019-02-17 00:00:00,Ruslan Chinachov,9,Niels Feijen,8,2019 Leende Open,20
441,2019-02-17 00:00:00,Joshua Filler,9,Wojciech Szewczyk,3,2019 Leende Open,21
442,2019-02-17 00:00:00,Mark Gray,9,Damianos Giallourakis,6,2019 Leende Open,22
443,2019-02-17 00:00:00,Maximilian Lechner,9,Marek Kudlik,3,2019 Leende Open,23
444,2019-02-17 00:00:00,Dimitris Loukatos,1,Albin Ouschan,9,2019 Leende Open,24
445,2019-02-17 00:00:00,Ralf Souquet,9,Wiktor Zieliński,6,2019 Leende Open,25
446,2019-02-17 00:00:00,Francisco Sánchez Ruíz,8,Ruslan Chinachov,9,2019 Leende Open,26
447,2019-02-17 00:00:00,Joshua Filler,9,Mark Gray,8,2019 Leende Open,27
448,2019-02-17 00:00:00,Maximilian Lechner,9,Albin Ouschan,8,2019 Leende Open,28
449,2019-02-17 00:00:00,Ralf Souquet,5,Ruslan Chinachov,9,2019 Leende Open,29
450,2019-02-17 00:00:00,Joshua Filler,9,Maximilian Lechner,8,2019 Leende Open,30
451,2019-02-17 00:00:00,Ruslan Chinachov,7,Joshua Filler,9,2019 Leende Open,31
452,2018-09-20 00:00:00,Mario He,6,Shane Van Boening,9,2018 Leende Open,1
453,2018-09-20 00:00:00,Billy Thorpe,9,Mitchell Ellerman,4,2018 Leende Open,2
454,2018-09-20 00:00:00,Fedor Gorst,1,Corey Deuel,9,2018 Leende Open,3
455,2018-09-20 00:00:00,Mark Gray,7,Maximilian Lechner,9,2018 Leende Open,4
456,2018-09-20 00:00:00,Marek Kudlik,3,Ralf Souquet,9,2018 Leende Open,5
457,2018-09-20 00:00:00,Pijus Labutis,9,Mateusz Śniegocki,6,2018 Leende Open,6
458,2018-09-20 00:00:00,Skyler Woodward,9,Damianos Giallourakis,5,2018 Leende Open,7
459,2018-09-20 00:00:00,Wojciech Szewczyk,7,Maxim Dudanez,9,2018 Leende Open,8
460,2018-09-20 00:00:00,Albin Ouschan,9,Jakub Koniar,7,2018 Leende Open,9
461,2018-09-20 00:00:00,Philipp Stojanović,9,Tomasz Kapłan,4,2018 Leende Open,10
462,2018-09-20 00:00:00,Sergei Luzker,6,Kim Laaksonen,9,2018 Leende Open,11
463,2018-09-20 00:00:00,Nick Malai,9,Shane McMinn,3,2018 Leende Open,12
464,2018-09-20 00:00:00,Petri Makkonen,9,Radosław Babica,6,2018 Leende Open,13
465,2018-09-20 00:00:00,Oliver Szolnoki,7,Wojciech Sroczyński,9,2018 Leende Open,14
466,2018-09-20 00:00:00,Oliver Ortmann,9,Saad-Ali Aldrees,7,2018 Leende Open,15
467,2018-09-20 00:00:00,Niels Feijen,5,Eklent Kaçi,9,2018 Leende Open,16
468,2018-09-20 00:00:00,Shane Van Boening,9,Billy Thorpe,3,2018 Leende Open,17
469,2018-09-20 00:00:00,Corey Deuel,9,Maximilian Lechner,5,2018 Leende Open,18
470,2018-09-20 00:00:00,Ralf Souquet,7,Pijus Labutis,9,2018 Leende Open,19
471,2018-09-20 00:00:00,Skyler Woodward,9,Maxim Dudanez,7,2018 Leende Open,20
472,2018-09-20 00:00:00,Albin Ouschan,9,Philipp Stojanović,4,2018 Leende Open,21
473,2018-09-20 00:00:00,Kim Laaksonen,9,Nick Malai,6,2018 Leende Open,22
474,2018-09-20 00:00:00,Petri Makkonen,9,Wojciech Sroczyński,3,2018 Leende Open,23
475,2018-09-20 00:00:00,Oliver Ortmann,5,Eklent Kaçi,9,2018 Leende Open,24
476,2018-09-20 00:00:00,Shane Van Boening,9,Corey Deuel,7,2018 Leende Open,25
477,2018-09-20 00:00:00,Pijus Labutis,9,Skyler Woodward,8,2018 Leende Open,26
478,2018-09-20 00:00:00,Albin Ouschan,9,Kim Laaksonen,4,2018 Leende Open,27
479,2018-09-20 00:00:00,Petri Makkonen,6,Eklent Kaçi,9,2018 Leende Open,28
480,2018-09-20 00:00:00,Shane Van Boening,9,Pijus Labutis,8,2018 Leende Open,29
481,2018-09-20 00:00:00,Albin Ouschan,5,Eklent Kaçi,9,2018 Leende Open,30
482,2018-09-20 00:00:00,Shane Van Boening,9,Eklent Kaçi,8,2018 Leende Open,31
483,2017-09-10 00:00:00,David Alcaide,7,Joao Grilo,9,2017 Leende Open,1
484,2017-09-10 00:00:00,Jayson Shaw,9,Daniel Tångudd,6,2017 Leende Open,2
485,2017-09-10 00:00:00,Albin Ouschan,9,Mateusz Śniegocki,2,2017 Leende Open,3
486,2017-09-10 00:00:00,Maxim Dudanez,2,Maximilian Lechner,9,2017 Leende Open,4
487,2017-09-10 00:00:00,Christoph Reintjes,9,Jakub Koniar,6,2017 Leende Open,5
488,2017-09-10 00:00:00,Abdullah al-Yousef,6,Wojciech Szewczyk,9,2017 Leende Open,6
489,2017-09-10 00:00:00,Konrad Juszczyszyn,4,Stephan Cohen,9,2017 Leende Open,7
490,2017-09-10 00:00:00,Nick van den Berg,7,Niels Feijen,9,2017 Leende Open,8
491,2017-09-10 00:00:00,Oliver Ortmann,9,Konstantin Stepanow,4,2017 Leende Open,9
492,2017-09-10 00:00:00,Nick Malai,6,Fedor Gorst,9,2017 Leende Open,10
493,2017-09-10 00:00:00,Wiktor Zieliński,6,Sergei Luzker,9,2017 Leende Open,11
494,2017-09-10 00:00:00,Michael Schneider,6,Francisco Sánchez,9,2017 Leende Open,12
495,2017-09-10 00:00:00,Ralf Souquet,5,Francisco Díaz-Pizarro,9,2017 Leende Open,13
496,2017-09-10 00:00:00,Mats Schjetne,5,Ruslan Tschinachow,9,2017 Leende Open,14
497,2017-09-10 00:00:00,Marco Teutscher,9,Radosław Babica,4,2017 Leende Open,15
498,2017-09-10 00:00:00,Christian Sparrenlöv,9,Mohammad Soufi,7,2017 Leende Open,16
499,2017-09-10 00:00:00,Joao Grilo,3,Jayson Shaw,9,2017 Leende Open,17
500,2017-09-10 00:00:00,Albin Ouschan,9,Maximilian Lechner,6,2017 Leende Open,18
501,2017-09-10 00:00:00,Christoph Reintjes,9,Wojciech Szewczyk,5,2017 Leende Open,19
502,2017-09-10 00:00:00,Stephan Cohen,1,Niels Feijen,9,2017 Leende Open,20
503,2017-09-10 00:00:00,Oliver Ortmann,9,Fedor Gorst,8,2017 Leende Open,21
504,2017-09-10 00:00:00,Sergei Luzker,9,Francisco Sánchez,6,2017 Leende Open,22
505,2017-09-10 00:00:00,Francisco Díaz-Pizarro,5,Ruslan Tschinachow,9,2017 Leende Open,23
506,2017-09-10 00:00:00,Marco Teutscher,9,Christian Sparrenlöv,2,2017 Leende Open,24
507,2017-09-10 00:00:00,Jayson Shaw,7,Albin Ouschan,9,2017 Leende Open,25
508,2017-09-10 00:00:00,Christoph Reintjes,9,Niels Feijen,6,2017 Leende Open,26
509,2017-09-10 00:00:00,Oliver Ortmann,2,Sergei Luzker,9,2017 Leende Open,27
510,2017-09-10 00:00:00,Ruslan Tschinachow,9,Marco Teutscher,8,2017 Leende Open,28
511,2017-09-10 00:00:00,Albin Ouschan,6,Christoph Reintjes,9,2017 Leende Open,29
512,2017-09-10 00:00:00,Sergei Luzker,5,Ruslan Tschinachow,9,2017 Leende Open,30
513,2017-09-10 00:00:00,Christoph Reintjes,4,Ruslan Tschinachow,9,2017 Leende Open,31
514,2016-09-29 00:00:00,Tomasz Kapłan,5,Konrad Juszczyszyn,9,2016 Leende Open,1
515,2016-09-29 00:00:00,Marco Spitzky,3,Francisco Sánchez,9,2016 Leende Open,2
516,2016-09-29 00:00:00,Joshua Filler,7,Christian Sparrenlöv,9,2016 Leende Open,3
517,2016-09-29 00:00:00,Ruslan Tschinachow,7,Wojciech Trajdos,9,2016 Leende Open,4
518,2016-09-29 00:00:00,Fedor Gorst,9,Daryl Peach,7,2016 Leende Open,5
519,2016-09-29 00:00:00,Sebastian Ludwig,5,Mieszko Fortuński,9,2016 Leende Open,6
520,2016-09-29 00:00:00,Alexander Kazakis,9,Mario He,8,2016 Leende Open,7
521,2016-09-29 00:00:00,David Alcaide,9,Karol Skowerski,6,2016 Leende Open,8
522,2016-09-29 00:00:00,Albin Ouschan,5,Mark Gray,9,2016 Leende Open,9
523,2016-09-29 00:00:00,Denis Grabe,9,Eklent Kaçi,7,2016 Leende Open,10
524,2016-09-29 00:00:00,Maximilian Lechner,4,Wojciech Szewczyk,9,2016 Leende Open,11
525,2016-09-29 00:00:00,Jayson Shaw,4,Imran Majid,9,2016 Leende Open,12
526,2016-09-29 00:00:00,Roman Hybler,9,Radosław Babica,6,2016 Leende Open,13
527,2016-09-29 00:00:00,Marco Teutscher,4,Mateusz Śniegocki,9,2016 Leende Open,14
528,2016-09-29 00:00:00,Petri Makkonen,9,Wiktor Zieliński,8,2016 Leende Open,15
529,2016-09-29 00:00:00,Francisco Díaz-Pizarro,6,Niels Feijen,9,2016 Leende Open,16
530,2016-09-29 00:00:00,Konrad Juszczyszyn,5,Francisco Sánchez,9,2016 Leende Open,17
531,2016-09-29 00:00:00,Christian Sparrenlöv,8,Wojciech Trajdos,9,2016 Leende Open,18
532,2016-09-29 00:00:00,Fedor Gorst,9,Mieszko Fortuński,4,2016 Leende Open,19
533,2016-09-29 00:00:00,Alexander Kazakis,8,David Alcaide,9,2016 Leende Open,20
534,2016-09-29 00:00:00,Mark Gray,9,Denis Grabe,6,2016 Leende Open,21
535,2016-09-29 00:00:00,Wojciech Szewczyk,9,Imran Majid,3,2016 Leende Open,22
536,2016-09-29 00:00:00,Roman Hybler,9,Mateusz Śniegocki,3,2016 Leende Open,23
537,2016-09-29 00:00:00,Petri Makkonen,6,Niels Feijen,9,2016 Leende Open,24
538,2016-09-29 00:00:00,Francisco Sánchez,9,Wojciech Trajdos,4,2016 Leende Open,25
539,2016-09-29 00:00:00,Fedor Gorst,6,David Alcaide,9,2016 Leende Open,26
540,2016-09-29 00:00:00,Mark Gray,5,Wojciech Szewczyk,9,2016 Leende Open,27
541,2016-09-29 00:00:00,Roman Hybler,7,Niels Feijen,9,2016 Leende Open,28
542,2016-09-29 00:00:00,Francisco Sánchez,5,David Alcaide,9,2016 Leende Open,29
543,2016-09-29 00:00:00,Wojciech Szewczyk,5,Niels Feijen,9,2016 Leende Open,30
544,2016-09-29 00:00:00,David Alcaide,7,Niels Feijen,9,2016 Leende Open,31
545,2019-05-08 00:00:00,Eklent Kaçi,9,Jakub Koniar,2,2019 Treviso Open,1
546,2019-05-08 00:00:00,Roman Hybler,9,Maksim Dudanets,1,2019 Treviso Open,2
547,2019-05-08 00:00:00,Mark Gray,9,Sebastian Staab,8,2019 Treviso Open,3
548,2019-05-08 00:00:00,Nikos Ekonomopoulos,3,Mateusz Śniegocki,9,2019 Treviso Open,4
549,2019-05-08 00:00:00,Ruslan Chinakhov,9,Denis Grabe,5,2019 Treviso Open,5
550,2019-05-08 00:00:00,Petri Makkonen,9,Miguel Silva,6,2019 Treviso Open,6
551,2019-05-08 00:00:00,Mauro Catriota,6,Ivar Saris,9,2019 Treviso Open,7
552,2019-05-08 00:00:00,Imran Majid,7,David Alcaide,9,2019 Treviso Open,8
553,2019-05-08 00:00:00,Casper Maitkainen,9,Fabio Rizzi,5,2019 Treviso Open,9
554,2019-05-08 00:00:00,Damianos Giallourakis,9,Edmond Zaja,8,2019 Treviso Open,10
555,2019-05-08 00:00:00,Christian Fröhlich,5,Konrad Juszczyszyn,9,2019 Treviso Open,11
556,2019-05-08 00:00:00,Mats Schjetne,6,Alexander Kazakis,9,2019 Treviso Open,12
557,2019-05-08 00:00:00,Francisco Diaz-Pizarro,9,Nick Malai,4,2019 Treviso Open,13
558,2019-05-08 00:00:00,Pijus Labutis,9,Konstantin Stepanov,7,2019 Treviso Open,14
559,2019-05-08 00:00:00,Mario He,8,Francisco Sánchez Ruíz,9,2019 Treviso Open,15
560,2019-05-08 00:00:00,Thomas Kaplan,9,Joshua Filler,5,2019 Treviso Open,16
561,2019-05-08 00:00:00,Eklent Kaçi,9,Roman Hybler,6,2019 Treviso Open,17
562,2019-05-08 00:00:00,Mark Gray,8,Mateusz Śniegocki,9,2019 Treviso Open,18
563,2019-05-08 00:00:00,Ruslan Chinakhov,9,Petri Makkonen,4,2019 Treviso Open,19
564,2019-05-08 00:00:00,Ivar Saris,9,David Alcaide,7,2019 Treviso Open,20
565,2019-05-08 00:00:00,Casper Maitkainen,9,Damianos Giallourakis,5,2019 Treviso Open,21
566,2019-05-08 00:00:00,Konrad Juszczyszyn,9,Alexander Kazakis,7,2019 Treviso Open,22
567,2019-05-08 00:00:00,Francisco Diaz-Pizarro,8,Pijus Labutis,9,2019 Treviso Open,23
568,2019-05-08 00:00:00,Francisco Sánchez Ruíz,8,Thomas Kaplan,9,2019 Treviso Open,24
569,2019-05-08 00:00:00,Eklent Kaçi,7,Mateusz Śniegocki,9,2019 Treviso Open,25
570,2019-05-08 00:00:00,Ruslan Chinakhov,7,Ivar Saris,9,2019 Treviso Open,26
571,2019-05-08 00:00:00,Casper Maitkainen,5,Konrad Juszczyszyn,9,2019 Treviso Open,27
572,2019-05-08 00:00:00,Pijus Labutis,9,Thomas Kaplan,2,2019 Treviso Open,28
573,2019-05-08 00:00:00,Mateusz Śniegocki,4,Ivar Saris,9,2019 Treviso Open,29
574,2019-05-08 00:00:00,Ivar Saris,6,Konrad Juszczyszyn,9,2019 Treviso Open,30
575,2019-05-08 00:00:00,Konrad Juszczyszyn,9,Pijus Labutis,4,2019 Treviso Open,31
576,2018-03-01 00:00:00,Mario He,9,Michał Turkowski,5,2018 Treviso Open,1
577,2018-03-01 00:00:00,Maximilian Lechner,9,Tomasz Kapłan,1,2018 Treviso Open,2
578,2018-03-01 00:00:00,Cliff Castelein,9,Albert Casellas-Planas,7,2018 Treviso Open,3
579,2018-03-01 00:00:00,Francisco Díaz-Pizarro,9,Mieszko Fortuński,4,2018 Treviso Open,4
580,2018-03-01 00:00:00,Miguel Silva,7,Mateusz Śniegocki,9,2018 Treviso Open,5
581,2018-03-01 00:00:00,Eklent Kaçi,9,Alexander Kazakis,7,2018 Treviso Open,6
582,2018-03-01 00:00:00,Wojciech Szewczyk,8,Edmond Zaja,9,2018 Treviso Open,7
583,2018-03-01 00:00:00,Mark Gray,2,Francisco Sánchez,9,2018 Treviso Open,8
584,2018-03-01 00:00:00,Sanjin Pehlivanović,9,Piotr Ostrowski,2,2018 Treviso Open,9
585,2018-03-01 00:00:00,Wiktor Zieliński,2,Sergei Luzker,9,2018 Treviso Open,10
586,2018-03-01 00:00:00,Ivo Aarts,6,Albin Ouschan,9,2018 Treviso Open,11
587,2018-03-01 00:00:00,Daniele Corrieri,2,Wojciech Sroczyński,9,2018 Treviso Open,12
588,2018-03-01 00:00:00,Fjodor Gorst,9,Gianmarco Tonini,2,2018 Treviso Open,13
589,2018-03-01 00:00:00,Marc Bijsterbosch,5,Konstantin Stepanow,9,2018 Treviso Open,14
590,2018-03-01 00:00:00,Sebastian Ludwig,3,Andrei Seroschtan,9,2018 Treviso Open,15
591,2018-03-01 00:00:00,Imran Majid,9,Jakub Koniar,5,2018 Treviso Open,16
592,2018-03-01 00:00:00,Mario He,8,Maximilian Lechner,9,2018 Treviso Open,17
593,2018-03-01 00:00:00,Cliff Castelein,6,Francisco Díaz-Pizarro,9,2018 Treviso Open,18
594,2018-03-01 00:00:00,Mateusz Śniegocki,4,Eklent Kaçi,9,2018 Treviso Open,19
595,2018-03-01 00:00:00,Edmond Zaja,5,Francisco Sánchez,9,2018 Treviso Open,20
596,2018-03-01 00:00:00,Sanjin Pehlivanović,8,Sergei Luzker,9,2018 Treviso Open,21
597,2018-03-01 00:00:00,Albin Ouschan,9,Wojciech Sroczyński,7,2018 Treviso Open,22
598,2018-03-01 00:00:00,Fjodor Gorst,6,Konstantin Stepanov,9,2018 Treviso Open,23
599,2018-03-01 00:00:00,Andrei Seroschtan,7,Imran Majid,9,2018 Treviso Open,24
600,2018-03-01 00:00:00,Maximilian Lechner,5,Francisco Díaz-Pizarro,9,2018 Treviso Open,25
601,2018-03-01 00:00:00,Eklent Kaçi,9,Francisco Sánchez,6,2018 Treviso Open,26
602,2018-03-01 00:00:00,Sergei Luzker,8,Albin Ouschan,9,2018 Treviso Open,27
603,2018-03-01 00:00:00,Konstantin Stepanow,8,Imran Majid,9,2018 Treviso Open,28
604,2018-03-01 00:00:00,Francisco Díaz-Pizarro,4,Eklent Kaçi,9,2018 Treviso Open,29
605,2018-03-01 00:00:00,Albin Ouschan,9,Imran Majid,7,2018 Treviso Open,30
606,2018-03-01 00:00:00,Eklent Kaçi,9,Albin Ouschan,5,2018 Treviso Open,31
607,2017-11-16 00:00:00,David Alcaide,6,Maximilian Lechner,9,2017 Treviso Open,1
608,2017-11-16 00:00:00,Albin Ouschan,9,Stefan Huber,4,2017 Treviso Open,2
609,2017-11-16 00:00:00,Mark Gray,9,Ivo Aarts,1,2017 Treviso Open,3
610,2017-11-16 00:00:00,Valery Kuloyants,6,Denis Grabe,9,2017 Treviso Open,4
611,2017-11-16 00:00:00,Piotr Kudlik,5,Daryl Peach,9,2017 Treviso Open,5
612,2017-11-16 00:00:00,Oliver Szolnoki,5,Marek Kudlik,9,2017 Treviso Open,6
613,2017-11-16 00:00:00,Abdulrahman al-Amar,1,Wiktor Zieliński,9,2017 Treviso Open,7
614,2017-11-16 00:00:00,Kim Laaksonen,3,Daniele Corrieri,9,2017 Treviso Open,8
615,2017-11-16 00:00:00,Niels Feijen,9,Mieszko Fortuński,3,2017 Treviso Open,9
616,2017-11-16 00:00:00,Wojciech Sroczyński,9,Roman Hybler,7,2017 Treviso Open,10
617,2017-11-16 00:00:00,Maxim Dudanez,5,Mario He,9,2017 Treviso Open,11
618,2017-11-16 00:00:00,Marc Bijsterbosch,4,Francisco Sánchez,9,2017 Treviso Open,12
619,2017-11-16 00:00:00,Nick Malai,4,Aleksa Pecelj,9,2017 Treviso Open,13
620,2017-11-16 00:00:00,Ivar Saris,4,Fedor Gorst,9,2017 Treviso Open,14
621,2017-11-16 00:00:00,Petri Makkonen,2,Eklent Kaçi,9,2017 Treviso Open,15
622,2017-11-16 00:00:00,Wojciech Szewczyk,7,Philipp Stojanovic,9,2017 Treviso Open,16
623,2017-11-16 00:00:00,Maximilian Lechner,2,Albin Ouschan,9,2017 Treviso Open,17
624,2017-11-16 00:00:00,Mark Gray,8,Denis Grabe,9,2017 Treviso Open,18
625,2017-11-16 00:00:00,Daryl Peach,9,Marek Kudlik,8,2017 Treviso Open,19
626,2017-11-16 00:00:00,Wiktor Zieliński,9,Daniele Corrieri,6,2017 Treviso Open,20
627,2017-11-16 00:00:00,Niels Feijen,9,Wojciech Sroczyński,5,2017 Treviso Open,21
628,2017-11-16 00:00:00,Mario He,9,Francisco Sánchez,5,2017 Treviso Open,22
629,2017-11-16 00:00:00,Aleksa Pecelj,9,Fedor Gorst,3,2017 Treviso Open,23
630,2017-11-16 00:00:00,Eklent Kaçi,9,Philipp Stojanovic,2,2017 Treviso Open,24
631,2017-11-16 00:00:00,Albin Ouschan,8,Denis Grabe,9,2017 Treviso Open,25
632,2017-11-16 00:00:00,Daryl Peach,5,Wiktor Zieliński,9,2017 Treviso Open,26
633,2017-11-16 00:00:00,Niels Feijen,5,Mario He,9,2017 Treviso Open,27
634,2017-11-16 00:00:00,Aleksa Pecelj,4,Eklent Kaçi,9,2017 Treviso Open,28
635,2017-11-16 00:00:00,Denis Grabe,2,Wiktor Zieliński,9,2017 Treviso Open,29
636,2017-11-16 00:00:00,Mario He,9,Eklent Kaçi,7,2017 Treviso Open,30
637,2017-11-16 00:00:00,Wiktor Zieliński,9,Mario He,1,2017 Treviso Open,31
638,2017-02-23 00:00:00,Wojciech Sroczyński,2,Ruslan Tschinachow,9,2017 Italian Open,1
639,2017-02-23 00:00:00,Sergei Luzker,9,Joshua Filler,8,2017 Italian Open,2
640,2017-02-23 00:00:00,Shane Van Boening,9,Mark Gray,3,2017 Italian Open,3
641,2017-02-23 00:00:00,Miguel Silva,1,Mario He,9,2017 Italian Open,4
642,2017-02-23 00:00:00,Manuel Ederer,7,Konrad Juszczyszyn,9,2017 Italian Open,5
643,2017-02-23 00:00:00,Mika Immonen,6,Albin Ouschan,9,2017 Italian Open,6
644,2017-02-23 00:00:00,Denis Grabe,9,Fedor Gorst,3,2017 Italian Open,7
645,2017-02-23 00:00:00,Eklent Kaçi,6,Mieszko Fortuński,9,2017 Italian Open,8
646,2017-02-23 00:00:00,Ivo Aarts,9,Alexander Kazakis,5,2017 Italian Open,9
647,2017-02-23 00:00:00,Evangelos Vettas,6,Nick van den Berg,9,2017 Italian Open,10
648,2017-02-23 00:00:00,Marco Teutscher,8,Daryl Peach,9,2017 Italian Open,11
649,2017-02-23 00:00:00,Imran Majid,9,Wojciech Szewczyk,7,2017 Italian Open,12
650,2017-02-23 00:00:00,Damianos Giallourakis,9,Bahram Lotfy,4,2017 Italian Open,13
651,2017-02-23 00:00:00,Niels Feijen,9,Francisco Sánchez,6,2017 Italian Open,14
652,2017-02-23 00:00:00,Ivar Saris,8,Ralf Souquet,9,2017 Italian Open,15
653,2017-02-23 00:00:00,Sebastian Ludwig,6,Konstantin Stepanow,9,2017 Italian Open,16
654,2017-02-23 00:00:00,Ruslan Tschinachow,9,Sergei Luzker,4,2017 Italian Open,17
655,2017-02-23 00:00:00,Shane Van Boening,8,Mario He,9,2017 Italian Open,18
656,2017-02-23 00:00:00,Konrad Juszczyszyn,4,Albin Ouschan,9,2017 Italian Open,19
657,2017-02-23 00:00:00,Denis Grabe,9,Mieszko Fortuński,7,2017 Italian Open,20
658,2017-02-23 00:00:00,Ivo Aarts,6,Nick van den Berg,9,2017 Italian Open,21
659,2017-02-23 00:00:00,Daryl Peach,9,Imran Majid,6,2017 Italian Open,22
660,2017-02-23 00:00:00,Damianos Giallourakis,9,Niels Feijen,6,2017 Italian Open,23
661,2017-02-23 00:00:00,Ralf Souquet,9,Konstantin Stepanow,7,2017 Italian Open,24
662,2017-02-23 00:00:00,Ruslan Tschinachow,9,Mario He,4,2017 Italian Open,25
663,2017-02-23 00:00:00,Albin Ouschan,4,Denis Grabe,9,2017 Italian Open,26
664,2017-02-23 00:00:00,Nick van den Berg,5,Daryl Peach,9,2017 Italian Open,27
665,2017-02-23 00:00:00,Damianos Giallourakis,6,Ralf Souquet,9,2017 Italian Open,28
666,2017-02-23 00:00:00,Ruslan Tschinachow,9,Denis Grabe,3,2017 Italian Open,29
667,2017-02-23 00:00:00,Daryl Peach,7,Ralf Souquet,9,2017 Italian Open,30
668,2017-02-23 00:00:00,Ruslan Tschinachow,5,Ralf Souquet,9,2017 Italian Open,31
669,2016-11-24 00:00:00,Mark Gray,9,Sergei Luzker,6,2016 Treviso Open,1
670,2016-11-24 00:00:00,Imran Majid,1,Marco Teutscher,9,2016 Treviso Open,2
671,2016-11-24 00:00:00,Francisco Sánchez,9,Tomasz Kapłan,0,2016 Treviso Open,3
672,2016-11-24 00:00:00,Konstantin Stepanow,6,Mieszko Fortuński,9,2016 Treviso Open,4
673,2016-11-24 00:00:00,Marek Kudlik,9,Ralf Souquet,7,2016 Treviso Open,5
674,2016-11-24 00:00:00,Sascha Trautmann,5,Konrad Juszczyszyn,9,2016 Treviso Open,6
675,2016-11-24 00:00:00,Nick van den Berg,9,Damianos Giallourakis,7,2016 Treviso Open,7
676,2016-11-24 00:00:00,David Alcaide,9,Andrei Seroschtan,3,2016 Treviso Open,8
677,2016-11-24 00:00:00,Stephan Cohen,5,Albin Ouschan,9,2016 Treviso Open,9
678,2016-11-24 00:00:00,Wojciech Sroczyński,9,Joao Grilo,8,2016 Treviso Open,10
679,2016-11-24 00:00:00,Mateusz Śniegocki,7,Joshua Filler,9,2016 Treviso Open,11
680,2016-11-24 00:00:00,Maxim Dudanez,9,Maximilian Lechner,8,2016 Treviso Open,12
681,2016-11-24 00:00:00,Sebastian Ludwig,9,Sebastian Staab,3,2016 Treviso Open,13
682,2016-11-24 00:00:00,Francisco Díaz-Pizarro,8,Mario He,9,2016 Treviso Open,14
683,2016-11-24 00:00:00,Alexander Kazakis,9,José Delgado,6,2016 Treviso Open,15
684,2016-11-24 00:00:00,Roman Hybler,4,Niels Feijen,9,2016 Treviso Open,16
685,2016-11-24 00:00:00,Mark Gray,5,Marco Teutscher,9,2016 Treviso Open,17
686,2016-11-24 00:00:00,Francisco Sánchez,6,Mieszko Fortuński,9,2016 Treviso Open,18
687,2016-11-24 00:00:00,Marek Kudlik,8,Konrad Juszczyszyn,9,2016 Treviso Open,19
688,2016-11-24 00:00:00,Nick van den Berg,4,David Alcaide,9,2016 Treviso Open,20
689,2016-11-24 00:00:00,Albin Ouschan,9,Wojciech Sroczyński,3,2016 Treviso Open,21
690,2016-11-24 00:00:00,Joshua Filler,9,Maxim Dudanez,6,2016 Treviso Open,22
691,2016-11-24 00:00:00,Sebastian Ludwig,9,Mario He,7,2016 Treviso Open,23
692,2016-11-24 00:00:00,Alexander Kazakis,3,Niels Feijen,9,2016 Treviso Open,24
693,2016-11-24 00:00:00,Marco Teutscher,8,Mieszko Fortuński,9,2016 Treviso Open,25
694,2016-11-24 00:00:00,Konrad Juszczyszyn,7,David Alcaide,9,2016 Treviso Open,26
695,2016-11-24 00:00:00,Albin Ouschan,8,Joshua Filler,9,2016 Treviso Open,27
696,2016-11-24 00:00:00,Sebastian Ludwig,8,Niels Feijen,9,2016 Treviso Open,28
697,2016-11-24 00:00:00,Mieszko Fortuński,8,David Alcaide,9,2016 Treviso Open,29
698,2016-11-24 00:00:00,Joshua Filler,9,Niels Feijen,8,2016 Treviso Open,30
699,2016-11-24 00:00:00,David Alcaide,9,Joshua Filler,6,2016 Treviso Open,31
700,2019-02-17 00:00:00,Eklent Kaçi,9,David Alcaide,7,2019 Austria Open,1
701,2019-02-17 00:00:00,Stefan Huber,0,Wojciech Szewczyk,9,2019 Austria Open,2
702,2019-02-17 00:00:00,Konrad Juszczyszyn,9,Imran Majid,4,2019 Austria Open,3
703,2019-02-17 00:00:00,Maximilian Lechner,9,Petri Makkonen,7,2019 Austria Open,4
704,2019-02-17 00:00:00,Radosław Babica,9,Konstantinos Koukiadakis,5,2019 Austria Open,5
705,2019-02-17 00:00:00,Ralf Souquet,9,Miguel Silva,7,2019 Austria Open,6
706,2019-02-17 00:00:00,Francisco Sánchez Ruíz,9,Tobias Bongers,4,2019 Austria Open,7
707,2019-02-17 00:00:00,Denis Grabe,6,Konstantin Stepanov,9,2019 Austria Open,8
708,2019-02-17 00:00:00,Mateusz Śniegocki,6,Tim De Ruyter,9,2019 Austria Open,9
709,2019-02-17 00:00:00,Damianos Giallourakis,9,Mieszko Fortuński,6,2019 Austria Open,10
710,2019-02-17 00:00:00,Marc Bijsterbosch,9,Jakub Koniar,7,2019 Austria Open,11
711,2019-02-17 00:00:00,Mario He,9,Niels Feijen,6,2019 Austria Open,12
712,2019-02-17 00:00:00,Ruslan Chinakhov,9,Ivar Saris,4,2019 Austria Open,13
713,2019-02-17 00:00:00,Marco Dorenburg,6,Ivo Aarts,9,2019 Austria Open,14
714,2019-02-17 00:00:00,Oliver Szolnoki,9,Roman Hybler,7,2019 Austria Open,15
715,2019-02-17 00:00:00,Christian Froehlich,3,Joshua Filler,9,2019 Austria Open,16
716,2019-02-17 00:00:00,Eklent Kaçi,9,Wojciech Szewczyk,8,2019 Austria Open,17
717,2019-02-17 00:00:00,Konrad Juszczyszyn,9,Maximilian Lechner,6,2019 Austria Open,18
718,2019-02-17 00:00:00,Radosław Babica,8,Ralf Souquet,9,2019 Austria Open,19
719,2019-02-17 00:00:00,Francisco Sánchez Ruíz,3,Konstantin Stepanov,9,2019 Austria Open,20
720,2019-02-17 00:00:00,Tim De Ruyter,7,Damianos Giallourakis,9,2019 Austria Open,21
721,2019-02-17 00:00:00,Marc Bijsterbosch,1,Mario He,9,2019 Austria Open,22
722,2019-02-17 00:00:00,Ruslan Chinakhov,6,Ivo Aarts,9,2019 Austria Open,23
723,2019-02-17 00:00:00,Oliver Szolnoki,3,Joshua Filler,9,2019 Austria Open,24
724,2019-02-17 00:00:00,Eklent Kaçi,9,Konrad Juszczyszyn,5,2019 Austria Open,25
725,2019-02-17 00:00:00,Ralf Souquet,9,Konstantin Stepanov,7,2019 Austria Open,26
726,2019-02-17 00:00:00,Damianos Giallourakis,9,Mario He,4,2019 Austria Open,27
727,2019-02-17 00:00:00,Ivo Aarts,7,Joshua Filler,9,2019 Austria Open,28
728,2019-02-17 00:00:00,Eklent Kaçi,9,Ralf Souquet,5,2019 Austria Open,29
729,2019-02-17 00:00:00,Eklent Kaçi,9,Joshua Filler,6,2019 Austria Open,30
730,2019-02-17 00:00:00,Damianos Giallourakis,6,Joshua Filler,9,2019 Austria Open,31
731,2018-04-12 00:00:00,Edmond Zaja,8,Abdullah al-Shammari,9,2018 Austria Open,1
732,2018-04-12 00:00:00,Sanjin Pehlivanović,6,Evangelos Vettas,9,2018 Austria Open,2
733,2018-04-12 00:00:00,Oliver Szolnoki,4,Alexander Kazakis,9,2018 Austria Open,3
734,2018-04-12 00:00:00,Nick Malai,3,Ruslan Tschinachow,9,2018 Austria Open,4
735,2018-04-12 00:00:00,Joshua Filler,9,Stephan Cohen,3,2018 Austria Open,5
736,2018-04-12 00:00:00,Ralf Souquet,9,David Alcaide,4,2018 Austria Open,6
737,2018-04-12 00:00:00,Tomasz Kapłan,8,Niels Feijen,9,2018 Austria Open,7
738,2018-04-12 00:00:00,Abdullah al-Enezi,1,Eklent Kaçi,9,2018 Austria Open,8
739,2018-04-12 00:00:00,Marek Kudlik,8,Wiktor Zieliński,9,2018 Austria Open,9
740,2018-04-12 00:00:00,Maximilian Lechner,9,Mateusz Śniegocki,6,2018 Austria Open,10
741,2018-04-12 00:00:00,Marc Bijsterbosch,9,Sergei Luzker,4,2018 Austria Open,11
742,2018-04-12 00:00:00,Henrique Correia,4,Denis Grabe,9,2018 Austria Open,12
743,2018-04-12 00:00:00,Markus Buck,9,Karol Skowerski,5,2018 Austria Open,13
744,2018-04-12 00:00:00,Roman Hybler,9,Ivar Saris,4,2018 Austria Open,14
745,2018-04-12 00:00:00,Wojciech Szewczyk,9,Fedor Gorst,5,2018 Austria Open,15
746,2018-04-12 00:00:00,Radosław Babica,6,Mario He,9,2018 Austria Open,16
747,2018-04-12 00:00:00,Abdullah al-Shammari,9,Evangelos Vettas,8,2018 Austria Open,17
748,2018-04-12 00:00:00,Alexander Kazakis,9,Ruslan Tschinachow,1,2018 Austria Open,18
749,2018-04-12 00:00:00,Joshua Filler,9,Ralf Souquet,7,2018 Austria Open,19
750,2018-04-12 00:00:00,Niels Feijen,8,Eklent Kaçi,9,2018 Austria Open,20
751,2018-04-12 00:00:00,Wiktor Zieliński,9,Maximilian Lechner,3,2018 Austria Open,21
752,2018-04-12 00:00:00,Marc Bijsterbosch,8,Denis Grabe,9,2018 Austria Open,22
753,2018-04-12 00:00:00,Markus Buck,8,Roman Hybler,9,2018 Austria Open,23
754,2018-04-12 00:00:00,Wojciech Szewczyk,7,Mario He,9,2018 Austria Open,24
755,2018-04-12 00:00:00,Abdullah al-Shammari,2,Alexander Kazakis,9,2018 Austria Open,25
756,2018-04-12 00:00:00,Joshua Filler,7,Eklent Kaçi,9,2018 Austria Open,26
757,2018-04-12 00:00:00,Wiktor Zieliński,4,Denis Grabe,9,2018 Austria Open,27
758,2018-04-12 00:00:00,Roman Hybler,6,Mario He,9,2018 Austria Open,28
759,2018-04-12 00:00:00,Alexander Kazakis,9,Eklent Kaçi,5,2018 Austria Open,29
760,2018-04-12 00:00:00,Denis Grabe,9,Mario He,4,2018 Austria Open,30
761,2018-04-12 00:00:00,Alexander Kazakis,9,Denis Grabe,5,2018 Austria Open,31
762,2017-05-17 00:00:00,David Alcaide,9,Denis Grabe,4,2017 Austria Open,1
763,2017-05-17 00:00:00,Francisco Díaz-Pizarro,9,Oliver Ortmann,6,2017 Austria Open,2
764,2017-05-17 00:00:00,Nikos Ekonomopoulos,4,Albin Ouschan,9,2017 Austria Open,3
765,2017-05-17 00:00:00,Ruslan Tschinachow,9,Wojciech Szewczyk,5,2017 Austria Open,4
766,2017-05-17 00:00:00,Tomasz Kapłan,8,Mario He,9,2017 Austria Open,5
767,2017-05-17 00:00:00,Alexander Kazakis,7,Daryl Peach,9,2017 Austria Open,6
768,2017-05-17 00:00:00,Marco Teutscher,9,Sebastian Ludwig,7,2017 Austria Open,7
769,2017-05-17 00:00:00,Stephan Cohen,6,Niels Feijen,9,2017 Austria Open,8
770,2017-05-17 00:00:00,Konstantin Stepanow,9,Andrei Seroschtan,3,2017 Austria Open,9
771,2017-05-17 00:00:00,Mark Gray,2,Francisco Sánchez,9,2017 Austria Open,10
772,2017-05-17 00:00:00,Jakub Koniar,9,Nick Malai,4,2017 Austria Open,11
773,2017-05-17 00:00:00,Radosław Babica,4,Nick van den Berg,9,2017 Austria Open,12
774,2017-05-17 00:00:00,Fedor Gorst,9,Konrad Juszczyszyn,6,2017 Austria Open,13
775,2017-05-17 00:00:00,Joshua Filler,9,Petri Makkonen,2,2017 Austria Open,14
776,2017-05-17 00:00:00,Imran Majid,9,Mariusz Skoneczny,4,2017 Austria Open,15
777,2017-05-17 00:00:00,Mats Schjetne,9,Daniel Macioł,6,2017 Austria Open,16
778,2017-05-17 00:00:00,David Alcaide,9,Francisco Díaz-Pizarro,6,2017 Austria Open,17
779,2017-05-17 00:00:00,Albin Ouschan,9,Ruslan Tschinachow,5,2017 Austria Open,18
780,2017-05-17 00:00:00,Mario He,9,Daryl Peach,3,2017 Austria Open,19
781,2017-05-17 00:00:00,Marco Teutscher,9,Niels Feijen,5,2017 Austria Open,20
782,2017-05-17 00:00:00,Konstantin Stepanow,6,Francisco Sánchez,9,2017 Austria Open,21
783,2017-05-17 00:00:00,Jakub Koniar,7,Nick van den Berg,9,2017 Austria Open,22
784,2017-05-17 00:00:00,Fedor Gorst,7,Joshua Filler,9,2017 Austria Open,23
785,2017-05-17 00:00:00,Imran Majid,9,Mats Schjetne,4,2017 Austria Open,24
786,2017-05-17 00:00:00,David Alcaide,7,Albin Ouschan,9,2017 Austria Open,25
787,2017-05-17 00:00:00,Mario He,9,Marco Teutscher,4,2017 Austria Open,26
788,2017-05-17 00:00:00,Francisco Sánchez,9,Nick van den Berg,5,2017 Austria Open,27
789,2017-05-17 00:00:00,Joshua Filler,9,Imran Majid,2,2017 Austria Open,28
790,2017-05-17 00:00:00,Albin Ouschan,8,Mario He,9,2017 Austria Open,29
791,2017-05-17 00:00:00,Francisco Sánchez,9,Joshua Filler,7,2017 Austria Open,30
792,2017-05-17 00:00:00,Mario He,9,Francisco Sánchez,2,2017 Austria Open,31
793,2019-10-13 00:00:00,Joshua Filler,9,Jakub Koniar,6,2019 Klagenfurt Open,1
794,2019-10-13 00:00:00,Nikos Ekonomopoulos,8,Oliver Szolnoki,9,2019 Klagenfurt Open,2
795,2019-10-13 00:00:00,Francisco Sanchez-Ruiz,3,Wojciech Szewczyk,9,2019 Klagenfurt Open,3
796,2019-10-13 00:00:00,Wojciech Szewczyk,8,Marc Bijsterbosch,9,2019 Klagenfurt Open,4
797,2019-10-13 00:00:00,Miguel Silva,9,Sascha Specchia,4,2019 Klagenfurt Open,5
798,2019-10-13 00:00:00,Mark Gray,9,Piotr Ostrowski,2,2019 Klagenfurt Open,6
799,2019-10-13 00:00:00,Maksim Dudanets,9,Petri Makkonen,7,2019 Klagenfurt Open,7
800,2019-10-13 00:00:00,Daniel Maciol,5,Denis Grabe,9,2019 Klagenfurt Open,8
801,2019-10-13 00:00:00,Sanjin Pehlivanovic,9,Dimitris Loukatos,4,2019 Klagenfurt Open,9
802,2019-10-13 00:00:00,Wiktor Zielinski,9,Albin Ouschan,6,2019 Klagenfurt Open,10
803,2019-10-13 00:00:00,Damianos Giallourakis,9,Tomasz Kapłan,4,2019 Klagenfurt Open,11
804,2019-10-13 00:00:00,Jani Siekkinen,5,Mats Schjetne,9,2019 Klagenfurt Open,12
805,2019-10-13 00:00:00,Maximilian Lechner,1,Ruslan Chinachov,9,2019 Klagenfurt Open,13
806,2019-10-13 00:00:00,Mickey Krause,3,Fedor Gorst,9,2019 Klagenfurt Open,14
807,2019-10-13 00:00:00,Alexander Kazakis,9,David Alcaide,5,2019 Klagenfurt Open,15
808,2019-10-13 00:00:00,Mario He,1,Eklent Kaçi,9,2019 Klagenfurt Open,16
809,2019-10-13 00:00:00,Joshua Filler,9,Oliver Szolnoki,7,2019 Klagenfurt Open,17
810,2019-10-13 00:00:00,Wojciech Szewczyk,7,Marc Bijsterbosch,9,2019 Klagenfurt Open,18
811,2019-10-13 00:00:00,Miguel Silva,9,Mark Gray,4,2019 Klagenfurt Open,19
812,2019-10-13 00:00:00,Maksim Dudanets,2,Denis Grabe,9,2019 Klagenfurt Open,20
813,2019-10-13 00:00:00,Sanjin Pehlivanovic,5,Wiktor Zielinski,9,2019 Klagenfurt Open,21
814,2019-10-13 00:00:00,Damianos Giallourakis,6,Mats Schjetne,9,2019 Klagenfurt Open,22
815,2019-10-13 00:00:00,Ruslan Chinachov,8,Fedor Gorst,9,2019 Klagenfurt Open,23
816,2019-10-13 00:00:00,Alexander Kazakis,9,Eklent Kaçi,7,2019 Klagenfurt Open,24
817,2019-10-13 00:00:00,Joshua Filler,8,Marc Bijsterbosch,9,2019 Klagenfurt Open,25
818,2019-10-13 00:00:00,Miguel Silva,8,Denis Grabe,9,2019 Klagenfurt Open,26
819,2019-10-13 00:00:00,Wiktor Zielinski,4,Mats Schjetne,9,2019 Klagenfurt Open,27
820,2019-10-13 00:00:00,Fedor Gorst,6,Alexander Kazakis,9,2019 Klagenfurt Open,28
821,2019-10-13 00:00:00,Marc Bijsterbosch,9,Denis Grabe,8,2019 Klagenfurt Open,29
822,2019-10-13 00:00:00,Marc Bijsterbosch,8,Alexander Kazakis,9,2019 Klagenfurt Open,30
823,2018-10-10 00:00:00,Joshua Filler,9,David Alcaide,7,2018 Klagenfurt Open,1
824,2018-10-10 00:00:00,Mohammed Soufi,9,Imran Majid,8,2018 Klagenfurt Open,2
825,2018-10-10 00:00:00,Wojciech Sroczynski,9,Konstantin Koukiadakis,7,2018 Klagenfurt Open,3
826,2018-10-10 00:00:00,Marc Bijsterbosch,9,Arjan Matrizi,3,2018 Klagenfurt Open,4
827,2018-10-10 00:00:00,Kim Laaksonen,3,Mateusz Śniegocki,9,2018 Klagenfurt Open,5
828,2018-10-10 00:00:00,Mark Gray,9,Matjaz Erculj,8,2018 Klagenfurt Open,6
829,2018-10-10 00:00:00,ciech Szewczyk,9,Sanjin Pehlivanovic,8,2018 Klagenfurt Open,7
830,2018-10-10 00:00:00,Niels Feijen,9,Wiktor Zielinski,6,2018 Klagenfurt Open,8
831,2018-10-10 00:00:00,Roman Hybler,9,Damianos Giallourakis,2,2018 Klagenfurt Open,9
832,2018-10-10 00:00:00,Jakub Koniar,9,Ivo Aarts,3,2018 Klagenfurt Open,10
833,2018-10-10 00:00:00,Alexander Kazakis,9,Maksim Dudanets,3,2018 Klagenfurt Open,11
834,2018-10-10 00:00:00,Mario He,9,Jani Uski,4,2018 Klagenfurt Open,12
835,2018-10-10 00:00:00,Denis Grabe,9,Sergey Lutsker,6,2018 Klagenfurt Open,13
836,2018-10-10 00:00:00,Ivar Saris,5,Francisco Sánchez Ruíz,9,2018 Klagenfurt Open,14
837,2018-10-10 00:00:00,Jan Wolf,6,Oliver Szolnoki,9,2018 Klagenfurt Open,15
838,2018-10-10 00:00:00,Radosław Babica,6,Christian Fischer,9,2018 Klagenfurt Open,16
839,2018-10-10 00:00:00,Joshua Filler,9,Mohammad Soufi,6,2018 Klagenfurt Open,17
840,2018-10-10 00:00:00,Konstantinos Koukiadakis,5,Marc Bijsterbosch,9,2018 Klagenfurt Open,18
841,2018-10-10 00:00:00,Mateusz Śniegocki,6,Mark Gray,9,2018 Klagenfurt Open,19
842,2018-10-10 00:00:00,Wojciech Szewczyk,8,Niels Feijen,9,2018 Klagenfurt Open,20
843,2018-10-10 00:00:00,Roman Hybler,5,Jakub Koniar,9,2018 Klagenfurt Open,21
844,2018-10-10 00:00:00,Alexander Kazakis,5,Mario He,9,2018 Klagenfurt Open,22
845,2018-10-10 00:00:00,Denis Grabe,6,Francisco Sánchez Ruíz,9,2018 Klagenfurt Open,23
846,2018-10-10 00:00:00,Oliver Szolnoki,9,Christian Fischer,4,2018 Klagenfurt Open,24
847,2018-10-10 00:00:00,Joshua Filler,4,Marc Bijsterbosch,9,2018 Klagenfurt Open,25
848,2018-10-10 00:00:00,Mark Gray,9,Niels Feijen,6,2018 Klagenfurt Open,26
849,2018-10-10 00:00:00,Jakub Koniar,5,Mario He,9,2018 Klagenfurt Open,27
850,2018-10-10 00:00:00,Francisco Sánchez Ruíz,5,Oliver Szolnoki,9,2018 Klagenfurt Open,28
851,2018-10-10 00:00:00,Marc Bijsterbosch,5,Mark Gray,9,2018 Klagenfurt Open,29
852,2018-10-10 00:00:00,Mario He,9,Oliver Szolnoki,5,2018 Klagenfurt Open,30
853,2018-10-10 00:00:00,Mark Gray,8,Mario He,9,2018 Klagenfurt Open,31
854,2017-10-05 00:00:00,Christian Sparrenlöv,4,Maximilian Lechner,9,2017 Klagenfurt Open,1
855,2017-10-05 00:00:00,Daniel Tångudd,5,Konstantin Stepanow,9,2017 Klagenfurt Open,2
856,2017-10-05 00:00:00,Marek Kudlik,7,Karol Skowerski,9,2017 Klagenfurt Open,3
857,2017-10-05 00:00:00,Marek Hajdovsky,8,Ralf Souquet,9,2017 Klagenfurt Open,4
858,2017-10-05 00:00:00,Nick van den Berg,8,Mateusz Śniegocki,9,2017 Klagenfurt Open,5
859,2017-10-05 00:00:00,Mario He,9,Wojciech Szewczyk,8,2017 Klagenfurt Open,6
860,2017-10-05 00:00:00,Konrad Juszczyszyn,8,Sanjin Pehlivanović,9,2017 Klagenfurt Open,7
861,2017-10-05 00:00:00,José Alberto Delgado,8,Mohammad Soufi,9,2017 Klagenfurt Open,8
862,2017-10-05 00:00:00,Joshua Filler,5,Wiktor Zieliński,9,2017 Klagenfurt Open,9
863,2017-10-05 00:00:00,Fedor Gorst,9,Joao Grilo,4,2017 Klagenfurt Open,10
864,2017-10-05 00:00:00,Petri Makkonen,4,Sebastian Ludwig,9,2017 Klagenfurt Open,11
865,2017-10-05 00:00:00,Jakub Koniar,6,Eklent Kaçi,9,2017 Klagenfurt Open,12
866,2017-10-05 00:00:00,Albin Ouschan,9,Francisco Sánchez,5,2017 Klagenfurt Open,13
867,2017-10-05 00:00:00,Mieszko Fortuński,9,Radosław Babica,5,2017 Klagenfurt Open,14
868,2017-10-05 00:00:00,Denis Grabe,9,Mark Gray,8,2017 Klagenfurt Open,15
869,2017-10-05 00:00:00,Ivo Aarts,3,Tomasz Kapłan,9,2017 Klagenfurt Open,16
870,2017-10-05 00:00:00,Maximilian Lechner,9,Konstantin Stepanow,8,2017 Klagenfurt Open,17
871,2017-10-05 00:00:00,Karol Skowerski,6,Ralf Souquet,9,2017 Klagenfurt Open,18
872,2017-10-05 00:00:00,Mateusz Śniegocki,9,Mario He,7,2017 Klagenfurt Open,19
873,2017-10-05 00:00:00,Sanjin Pehlivanović,9,Mohammad Soufi,8,2017 Klagenfurt Open,20
874,2017-10-05 00:00:00,Wiktor Zieliński,4,Fedor Gorst,9,2017 Klagenfurt Open,21
875,2017-10-05 00:00:00,Sebastian Ludwig,9,Eklent Kaçi,8,2017 Klagenfurt Open,22
876,2017-10-05 00:00:00,Albin Ouschan,9,Mieszko Fortuński,2,2017 Klagenfurt Open,23
877,2017-10-05 00:00:00,Denis Grabe,9,Tomasz Kapłan,3,2017 Klagenfurt Open,24
878,2017-10-05 00:00:00,Maximilian Lechner,3,Ralf Souquet,9,2017 Klagenfurt Open,25
879,2017-10-05 00:00:00,Mateusz Śniegocki,9,Sanjin Pehlivanović,8,2017 Klagenfurt Open,26
880,2017-10-05 00:00:00,Fedor Gorst,6,Sebastian Ludwig,9,2017 Klagenfurt Open,27
881,2017-10-05 00:00:00,Albin Ouschan,6,Denis Grabe,9,2017 Klagenfurt Open,28
882,2017-10-05 00:00:00,Ralf Souquet,9,Mateusz Śniegocki,6,2017 Klagenfurt Open,29
883,2017-10-05 00:00:00,Sebastian Ludwig,9,Denis Grabe,7,2017 Klagenfurt Open,30
884,2017-10-05 00:00:00,Ralf Souquet,9,Sebastian Ludwig,6,2017 Klagenfurt Open,31
885,2019-11-07 00:00:00,Joshua Filler,9,Thorsten Hohmann,3,2019 Antalya Open,1
886,2019-11-07 00:00:00,Mark Gray,9,Tomasz Kapłan,2,2019 Antalya Open,2
887,2019-11-07 00:00:00,Nick Malai,5,David Alcaide,9,2019 Antalya Open,3
888,2019-11-07 00:00:00,Wojciech Sroczynski,5,Niels Feijen,9,2019 Antalya Open,4
889,2019-11-07 00:00:00,Eklent Kaçi,9,Nikos Ekonomopoulos,3,2019 Antalya Open,5
890,2019-11-07 00:00:00,Aleksa Pecelj,9,Maksim Dudanets,1,2019 Antalya Open,6
891,2019-11-07 00:00:00,Ralf Souquet,9,Dimitris Loukatos,8,2019 Antalya Open,7
892,2019-11-07 00:00:00,Sanjin Pehlivanovic,9,Jani Siekkinen,4,2019 Antalya Open,8
893,2019-11-07 00:00:00,Denis Grabe,9,Mariusz Skoneczny,6,2019 Antalya Open,9
894,2019-11-07 00:00:00,Ruslan Chinachov,8,Oliver Szolnoki,9,2019 Antalya Open,10
895,2019-11-07 00:00:00,Mieszko Fortunski,9,Andrey Seroshtan,7,2019 Antalya Open,11
896,2019-11-07 00:00:00,Imran Majid,6,Alexander Kazakis,9,2019 Antalya Open,12
897,2019-11-07 00:00:00,Albin Ouschan,2,Francisco Sanchez-Ruiz,9,2019 Antalya Open,13
898,2019-11-07 00:00:00,Tim De Ruyter,5,Wiktor Zielinski,9,2019 Antalya Open,14
899,2019-11-07 00:00:00,Konrad Juszczyszyn,9,Daniel Maciol,5,2019 Antalya Open,15
900,2019-11-07 00:00:00,Fedor Gorst,9,Sergey Lutsker,5,2019 Antalya Open,16
901,2019-11-07 00:00:00,Joshua Filler,9,Mark Gray,7,2019 Antalya Open,17
902,2019-11-07 00:00:00,David Alcaide,9,Niels Feijen,8,2019 Antalya Open,18
903,2019-11-07 00:00:00,Eklent Kaçi,9,Aleksa Pecelj,2,2019 Antalya Open,19
904,2019-11-07 00:00:00,Ralf Souquet,7,Sanjin Pehlivanovic,9,2019 Antalya Open,20
905,2019-11-07 00:00:00,Denis Grabe,9,Oliver Szolnoki,5,2019 Antalya Open,21
906,2019-11-07 00:00:00,Mieszko Fortunski,9,Alexander Kazakis,3,2019 Antalya Open,22
907,2019-11-07 00:00:00,Francisco Sanchez-Ruiz,9,Wiktor Zielinski,1,2019 Antalya Open,23
908,2019-11-07 00:00:00,Konrad Juszczyszyn,1,Fedor Gorst,9,2019 Antalya Open,24
909,2019-11-07 00:00:00,Joshua Filler,7,David Alcaide,9,2019 Antalya Open,25
910,2019-11-07 00:00:00,Eklent Kaçi,9,Sanjin Pehlivanovic,5,2019 Antalya Open,26
911,2019-11-07 00:00:00,Denis Grabe,9,Mieszko Fortunski,6,2019 Antalya Open,27
912,2019-11-07 00:00:00,Francisco Sanchez-Ruiz,5,Fedor Gorst,9,2019 Antalya Open,28
913,2019-11-07 00:00:00,David Alcaide,4,Eklent Kaçi,9,2019 Antalya Open,29
914,2019-11-07 00:00:00,Denis Grabe,9,Fedor Gorst,6,2019 Antalya Open,30
915,2019-11-07 00:00:00,Eklent Kaçi,2,Denis Grabe,9,2019 Antalya Open,31
916,2018-08-02 00:00:00,Dimitri Jungo,9,Wiktor Zieliński,5,2018 Veldhoven Open,1
917,2018-08-02 00:00:00,Konstantin Stepanow,9,Tomasz Kapłan,7,2018 Veldhoven Open,2
918,2018-08-02 00:00:00,Fedor Gorst,6,Mario He,9,2018 Veldhoven Open,3
919,2018-08-02 00:00:00,Philipp Stojanović,7,Iker-Andoni Echeverria,9,2018 Veldhoven Open,4
920,2018-08-02 00:00:00,Niels Feijen,9,Bruno Sousa,4,2018 Veldhoven Open,5
921,2018-08-02 00:00:00,Albin Ouschan,9,Ivar Saris,8,2018 Veldhoven Open,6
922,2018-08-02 00:00:00,Miguel Silva,9,Marek Kudlik,5,2018 Veldhoven Open,7
923,2018-08-02 00:00:00,Mateusz Śniegocki,7,Maxim Dudanez,9,2018 Veldhoven Open,8
924,2018-08-02 00:00:00,Konrad Juszczyszyn,8,Marc Bijsterbosch,9,2018 Veldhoven Open,9
925,2018-08-02 00:00:00,Pijus Labutis,7,Jani Uski,9,2018 Veldhoven Open,10
926,2018-08-02 00:00:00,Alexander Kazakis,4,Eklent Kaçi,9,2018 Veldhoven Open,11
927,2018-08-02 00:00:00,Daniele Corrieri,7,Francisco Sánchez,9,2018 Veldhoven Open,12
928,2018-08-02 00:00:00,Ralf Souquet,9,Oliver Szolnoki,7,2018 Veldhoven Open,13
929,2018-08-02 00:00:00,Mariusz Skoneczny,4,David Alcaide,9,2018 Veldhoven Open,14
930,2018-08-02 00:00:00,Wojciech Szewczyk,7,Kim Laaksonen,9,2018 Veldhoven Open,15
931,2018-08-02 00:00:00,Petri Makkonen,2,Joshua Filler,9,2018 Veldhoven Open,16
932,2018-08-02 00:00:00,Dimitri Jungo,7,Konstantin Stepanow,9,2018 Veldhoven Open,17
933,2018-08-02 00:00:00,Mario He,9,Iker-Andoni Echeverria,8,2018 Veldhoven Open,18
934,2018-08-02 00:00:00,Niels Feijen,9,Albin Ouschan,6,2018 Veldhoven Open,19
935,2018-08-02 00:00:00,Miguel Silva,6,Maxim Dudanez,9,2018 Veldhoven Open,20
936,2018-08-02 00:00:00,Marc Bijsterbosch,9,Jani Uski,4,2018 Veldhoven Open,21
937,2018-08-02 00:00:00,Eklent Kaçi,9,Francisco Sánchez,3,2018 Veldhoven Open,22
938,2018-08-02 00:00:00,Ralf Souquet,6,David Alcaide,9,2018 Veldhoven Open,23
939,2018-08-02 00:00:00,Kim Laaksonen,9,Joshua Filler,4,2018 Veldhoven Open,24
940,2018-08-02 00:00:00,Konstantin Stepanow,7,Mario He,9,2018 Veldhoven Open,25
941,2018-08-02 00:00:00,Niels Feijen,9,Maxim Dudanez,2,2018 Veldhoven Open,26
942,2018-08-02 00:00:00,Marc Bijsterbosch,2,Eklent Kaçi,9,2018 Veldhoven Open,27
943,2018-08-02 00:00:00,David Alcaide,9,Kim Laaksonen,7,2018 Veldhoven Open,28
944,2018-08-02 00:00:00,Mario He,9,Niels Feijen,1,2018 Veldhoven Open,29
945,2018-08-02 00:00:00,Eklent Kaçi,9,David Alcaide,7,2018 Veldhoven Open,30
946,2018-08-02 00:00:00,Mario He,9,Eklent Kaçi,8,2018 Veldhoven Open,31
947,2017-03-30 00:00:00,David Alcaide,9,Konrad Piekarski,5,2017 Portugal Open,1
948,2017-03-30 00:00:00,Bruno Sousa,9,Wojciech Sroczyński,8,2017 Portugal Open,2
949,2017-03-30 00:00:00,Konstantin Stepanow,4,Marc Bijsterbosch,9,2017 Portugal Open,3
950,2017-03-30 00:00:00,Petri Makkonen,8,Eklent Kaçi,9,2017 Portugal Open,4
951,2017-03-30 00:00:00,Ronald Regli,4,Wiktor Zieliński,9,2017 Portugal Open,5
952,2017-03-30 00:00:00,Radosław Babica,8,Sebastian Ludwig,9,2017 Portugal Open,6
953,2017-03-30 00:00:00,Marco Teutscher,7,Roman Hybler,9,2017 Portugal Open,7
954,2017-03-30 00:00:00,Henrique Correia,6,Ralf Souquet,9,2017 Portugal Open,8
955,2017-03-30 00:00:00,Mark Gray,9,Daniel Tångudd,0,2017 Portugal Open,9
956,2017-03-30 00:00:00,Jewgeni Buslajew,6,Denis Grabe,9,2017 Portugal Open,10
957,2017-03-30 00:00:00,Mateusz Śniegocki,7,Mats Schjetne,9,2017 Portugal Open,11
958,2017-03-30 00:00:00,Marcus Chamat,5,Joshua Filler,9,2017 Portugal Open,12
959,2017-03-30 00:00:00,Witalij Pazura,9,Fedor Gorst,5,2017 Portugal Open,13
960,2017-03-30 00:00:00,Nick van den Berg,9,Konrad Juszczyszyn,5,2017 Portugal Open,14
961,2017-03-30 00:00:00,Francisco Sánchez,9,Antonis Kakaris,3,2017 Portugal Open,15
962,2017-03-30 00:00:00,Tomasz Kapłan,9,Niels Feijen,7,2017 Portugal Open,16
963,2017-03-30 00:00:00,David Alcaide,9,Bruno Sousa,5,2017 Portugal Open,17
964,2017-03-30 00:00:00,Marc Bijsterbosch,9,Eklent Kaçi,4,2017 Portugal Open,18
965,2017-03-30 00:00:00,Wiktor Zieliński,9,Sebastian Ludwig,7,2017 Portugal Open,19
966,2017-03-30 00:00:00,Roman Hybler,2,Ralf Souquet,9,2017 Portugal Open,20
967,2017-03-30 00:00:00,Mark Gray,9,Denis Grabe,6,2017 Portugal Open,21
968,2017-03-30 00:00:00,Mats Schjetne,5,Joshua Filler,9,2017 Portugal Open,22
969,2017-03-30 00:00:00,Witalij Pazura,8,Nick van den Berg,9,2017 Portugal Open,23
970,2017-03-30 00:00:00,Francisco Sánchez,5,Tomasz Kapłan,9,2017 Portugal Open,24
971,2017-03-30 00:00:00,David Alcaide,9,Marc Bijsterbosch,8,2017 Portugal Open,25
972,2017-03-30 00:00:00,Wiktor Zieliński,7,Ralf Souquet,9,2017 Portugal Open,26
973,2017-03-30 00:00:00,Mark Gray,9,Joshua Filler,8,2017 Portugal Open,27
974,2017-03-30 00:00:00,Nick van den Berg,9,Tomasz Kapłan,6,2017 Portugal Open,28
975,2017-03-30 00:00:00,David Alcaide,9,Ralf Souquet,6,2017 Portugal Open,29
976,2017-03-30 00:00:00,Mark Gray,3,Nick van den Berg,9,2017 Portugal Open,30
977,2017-03-30 00:00:00,David Alcaide,5,Nick van den Berg,9,2017 Portugal Open,31
978,2016-09-04 00:00:00,Mark Gray,9,Andreas Gerwen,3,2016 Albanian Open,1
979,2016-09-04 00:00:00,Radosław Babica,5,Francisco Sánchez,9,2016 Albanian Open,2
980,2016-09-04 00:00:00,Mika Immonen,7,Joshua Filler,9,2016 Albanian Open,3
981,2016-09-04 00:00:00,Maximilian Lechner,8,Nick van den Berg,9,2016 Albanian Open,4
982,2016-09-04 00:00:00,Konstantin Stepanow,9,Joao Grilo,8,2016 Albanian Open,5
983,2016-09-04 00:00:00,David Alcaide,9,Daryl Peach,3,2016 Albanian Open,6
984,2016-09-04 00:00:00,Ruslan Tschinachow,9,Ivo Aarts,6,2016 Albanian Open,7
985,2016-09-04 00:00:00,Nikos Ekonomopoulos,5,Wiktor Zieliński,9,2016 Albanian Open,8
986,2016-09-04 00:00:00,Albin Ouschan,9,Edmond Zaja,5,2016 Albanian Open,9
987,2016-09-04 00:00:00,Ivica Putnik,8,Marcus Chamat,9,2016 Albanian Open,10
988,2016-09-04 00:00:00,Francisco Díaz-Pizarro,6,Eklent Kaçi,9,2016 Albanian Open,11
989,2016-09-04 00:00:00,Imran Majid,3,Mateusz Śniegocki,9,2016 Albanian Open,12
990,2016-09-04 00:00:00,Konrad Juszczyszyn,9,Sebastian Ludwig,5,2016 Albanian Open,13
991,2016-09-04 00:00:00,Sanjin Pehlivanović,9,Mats Schjetne,8,2016 Albanian Open,14
992,2016-09-04 00:00:00,Wojciech Szewczyk,9,Petri Makkonen,6,2016 Albanian Open,15
993,2016-09-04 00:00:00,Mieszko Fortuński,5,Niels Feijen,9,2016 Albanian Open,16
994,2016-09-04 00:00:00,Mark Gray,9,Francisco Sánchez,7,2016 Albanian Open,17
995,2016-09-04 00:00:00,Joshua Filler,9,Nick van den Berg,8,2016 Albanian Open,18
996,2016-09-04 00:00:00,Konstantin Stepanow,3,David Alcaide,9,2016 Albanian Open,19
997,2016-09-04 00:00:00,Ruslan Tschinachow,9,Wiktor Zieliński,2,2016 Albanian Open,20
998,2016-09-04 00:00:00,Albin Ouschan,7,Marcus Chamat,9,2016 Albanian Open,21
999,2016-09-04 00:00:00,Eklent Kaçi,6,Mateusz Śniegocki,9,2016 Albanian Open,22
1000,2016-09-04 00:00:00,Konrad Juszczyszyn,9,Sanjin Pehlivanović,2,2016 Albanian Open,23
1001,2016-09-04 00:00:00,Wojciech Szewczyk,9,Niels Feijen,7,2016 Albanian Open,24
1002,2016-09-04 00:00:00,Mark Gray,2,Joshua Filler,9,2016 Albanian Open,25
1003,2016-09-04 00:00:00,David Alcaide,5,Ruslan Tschinachow,9,2016 Albanian Open,26
1004,2016-09-04 00:00:00,Marcus Chamat,3,Mateusz Śniegocki,9,2016 Albanian Open,27
1005,2016-09-04 00:00:00,Konrad Juszczyszyn,4,Wojciech Szewczyk,9,2016 Albanian Open,28
1006,2016-09-04 00:00:00,Joshua Filler,9,Ruslan Tschinachow,3,2016 Albanian Open,29
1007,2016-09-04 00:00:00,Mateusz Śniegocki,9,Wojciech Szewczyk,7,2016 Albanian Open,30
1008,2016-09-04 00:00:00,Joshua Filler,4,Mateusz Śniegocki,9,2016 Albanian Open,31
1009,2016-06-02 00:00:00,Mark Gray,5,David Alcaide,9,2016 North Cyprus Open,1
1010,2016-06-02 00:00:00,Tim de Ruyter,9,Marco Teutscher,6,2016 North Cyprus Open,2
1011,2016-06-02 00:00:00,Daniel Tångudd,1,Nikos Ekonomopoulos,9,2016 North Cyprus Open,3
1012,2016-06-02 00:00:00,Marc Bijsterbosch,8,Daryl Peach,9,2016 North Cyprus Open,4
1013,2016-06-02 00:00:00,Sebastian Staab,5,Sebastian Ludwig,9,2016 North Cyprus Open,5
1014,2016-06-02 00:00:00,Roman Hybler,6,Marcus Chamat,9,2016 North Cyprus Open,6
1015,2016-06-02 00:00:00,Francisco Díaz-Pizarro,5,Mika Immonen,9,2016 North Cyprus Open,7
1016,2016-06-02 00:00:00,Nick van den Berg,3,Tomasz Kapłan,9,2016 North Cyprus Open,8
1017,2016-06-02 00:00:00,Albin Ouschan,5,Imran Majid,9,2016 North Cyprus Open,9
1018,2016-06-02 00:00:00,Karol Skowerski,9,Wojciech Szewczyk,7,2016 North Cyprus Open,10
1019,2016-06-02 00:00:00,Oliver Ortmann,9,Maksim Dudanets,4,2016 North Cyprus Open,11
1020,2016-06-02 00:00:00,Mateusz Śniegocki,7,Jayson Shaw,9,2016 North Cyprus Open,12
1021,2016-06-02 00:00:00,Wiktor Zieliński,6,Ralf Souquet,9,2016 North Cyprus Open,13
1022,2016-06-02 00:00:00,Kevin Becker,9,Eklent Kaçi,2,2016 North Cyprus Open,14
1023,2016-06-02 00:00:00,Andreas Madsen,1,Mario He,9,2016 North Cyprus Open,15
1024,2016-06-02 00:00:00,Ivo Aarts,5,Niels Feijen,9,2016 North Cyprus Open,16
1025,2016-06-02 00:00:00,David Alcaide,9,Tim de Ruyter,1,2016 North Cyprus Open,17
1026,2016-06-02 00:00:00,Nikos Ekonomopoulos,9,Daryl Peach,5,2016 North Cyprus Open,18
1027,2016-06-02 00:00:00,Sebastian Ludwig,9,Marcus Chamat,5,2016 North Cyprus Open,19
1028,2016-06-02 00:00:00,Mika Immonen,9,Tomasz Kapłan,2,2016 North Cyprus Open,20
1029,2016-06-02 00:00:00,Imran Majid,5,Karol Skowerski,9,2016 North Cyprus Open,21
1030,2016-06-02 00:00:00,Oliver Ortmann,7,Jayson Shaw,9,2016 North Cyprus Open,22
1031,2016-06-02 00:00:00,Ralf Souquet,9,Kevin Becker,5,2016 North Cyprus Open,23
1032,2016-06-02 00:00:00,Mario He,9,Niels Feijen,6,2016 North Cyprus Open,24
1033,2016-06-02 00:00:00,David Alcaide,3,Nikos Ekonomopoulos,9,2016 North Cyprus Open,25
1034,2016-06-02 00:00:00,Sebastian Ludwig,6,Mika Immonen,9,2016 North Cyprus Open,26
1035,2016-06-02 00:00:00,Karol Skowerski,7,Jayson Shaw,9,2016 North Cyprus Open,27
1036,2016-06-02 00:00:00,Ralf Souquet,5,Mario He,9,2016 North Cyprus Open,28
1037,2016-06-02 00:00:00,Nikos Ekonomopoulos,9,Mika Immonen,4,2016 North Cyprus Open,29
1038,2016-06-02 00:00:00,Jayson Shaw,4,Mario He,9,2016 North Cyprus Open,30
1039,2016-06-02 00:00:00,Nikos Ekonomopoulos,5,Mario He,9,2016 North Cyprus Open,31
