matchIndex,playerA,playerB,playerARacks,playerBRacks,date,competition
1,Wojciech Szewczyk,Serge Das,9,8,22-Mar-19,2019 Mezz Bucharest Open
2,Micha? Muklewicz,Gentjan Lengu,9,1,22-Mar-19,2019 Mezz Bucharest Open
3,Antonis Vourthis,Ferdi Özdemir,9,6,22-Mar-19,2019 Mezz Bucharest Open
4,Alexandru Tintaru,Arkadiusz Giernalczyk,0,9,22-Mar-19,2019 Mezz Bucharest Open
5,Marcus Chamat,Preda Robert Alexandru,9,2,22-Mar-19,2019 Mezz Bucharest Open
6,Cezary Jarosz,Roberto Maione,9,4,22-Mar-19,2019 Mezz Bucharest Open
7,Aurelian Apostol,Johan Palé,8,9,22-Mar-19,2019 Mezz Bucharest Open
8,Andras M Kiss,Karabiyik Aygün,3,9,22-Mar-19,2019 Mezz Bucharest Open
9,Olivér Szolnoki,Markus Messingschlager,9,2,22-Mar-19,2019 Mezz Bucharest Open
10,Aleksandar Bogicevic,Alex Montpellier,2,9,22-Mar-19,2019 Mezz Bucharest Open
11,Madalina Ciocan,Alexandru Dobrin,3,9,22-Mar-19,2019 Mezz Bucharest Open
12,Jeppe Thyde,Matija Obradovic,9,8,22-Mar-19,2019 Mezz Bucharest Open
13,Sanjin Pehlivanovic,Cristian Munteanu,9,0,22-Mar-19,2019 Mezz Bucharest Open
14,John Tsirimokos,Dan Ursu,4,9,22-Mar-19,2019 Mezz Bucharest Open
15,Gabi Gosa,Mustafa Alnar,1,9,22-Mar-19,2019 Mezz Bucharest Open
16,Vlad Adrian Moscalu,Savga Serghei,8,9,22-Mar-19,2019 Mezz Bucharest Open
17,Eklent Kaci,Bare David,9,3,22-Mar-19,2019 Mezz Bucharest Open
18,Daniel Silva,Rodrigo Matias,9,5,22-Mar-19,2019 Mezz Bucharest Open
19,Aleksandar Zeljkovic,Cristian Barto?,9,1,22-Mar-19,2019 Mezz Bucharest Open
20,David Márquez Avila,Gastaldi Guido,9,0,22-Mar-19,2019 Mezz Bucharest Open
21,Tony Drago,Tahsin Kaplan,9,3,22-Mar-19,2019 Mezz Bucharest Open
22,Emre Çelik,Aleksa Pecelj,5,9,22-Mar-19,2019 Mezz Bucharest Open
23,Arjan Matrizi,Claudiu Groapa,9,4,22-Mar-19,2019 Mezz Bucharest Open
24,Flaviu Cristian Hernea,Jan Van Lierop,5,9,22-Mar-19,2019 Mezz Bucharest Open
25,Ralf Souquet,Thanasis Arguropoulos,9,1,22-Mar-19,2019 Mezz Bucharest Open
26,Davy Piergiovanni,Gal Frank,9,4,22-Mar-19,2019 Mezz Bucharest Open
27,Raileanu Silviu,Dan Cristea,7,9,22-Mar-19,2019 Mezz Bucharest Open
28,Ali Koca,Dilian Tiklev,2,9,22-Mar-19,2019 Mezz Bucharest Open
29,Ekonomopoulos Nick,Levent Kurtuluş,9,6,22-Mar-19,2019 Mezz Bucharest Open
30,Georgi Georgiev,Liviu Chiritoiu,9,4,22-Mar-19,2019 Mezz Bucharest Open
31,Kaan Duran,Aleksandar Petrovic,9,8,22-Mar-19,2019 Mezz Bucharest Open
32,Danilo Bruni,Ivaylo Simeonov,6,9,22-Mar-19,2019 Mezz Bucharest Open
33,Jayson Shaw,Bogdan Gabriel Toma,9,3,22-Mar-19,2019 Mezz Bucharest Open
34,Mircea Popa,Elvis Mladinescu,6,9,22-Mar-19,2019 Mezz Bucharest Open
35,Marius Vacarus,Almin Dervisevic,8,9,22-Mar-19,2019 Mezz Bucharest Open
36,Ioan Ladanyi,Ralf Mrnka,9,2,22-Mar-19,2019 Mezz Bucharest Open
37,Cocolin Adi,Tommie Yates,8,9,22-Mar-19,2019 Mezz Bucharest Open
38,Yasin Kartal,Daniel Kandi,1,9,22-Mar-19,2019 Mezz Bucharest Open
39,Nickolay Vlashev,Razvan Antohi,9,5,22-Mar-19,2019 Mezz Bucharest Open
40,Mark Gray,Patrizio Nuti,9,2,22-Mar-19,2019 Mezz Bucharest Open
41,Damianos Giallourakis,Vangelis Gremos,9,7,22-Mar-19,2019 Mezz Bucharest Open
42,Bogdan Bogorin,Andrei Panghea,9,7,22-Mar-19,2019 Mezz Bucharest Open
43,Iurie Betivu,Uorsin Candrian,3,9,22-Mar-19,2019 Mezz Bucharest Open
44,Malaj Nick,Alexandru Pitea,9,0,22-Mar-19,2019 Mezz Bucharest Open
45,Ionut Chicomban,Nicu Purcaru,5,9,22-Mar-19,2019 Mezz Bucharest Open
46,Iulian Dragne,Menelaos Lolas,3,9,22-Mar-19,2019 Mezz Bucharest Open
47,Iacob Mihai Daniel,Ates Bora Duru,9,2,22-Mar-19,2019 Mezz Bucharest Open
48,Fedor Gorst,Alexandru Marcoci,9,0,22-Mar-19,2019 Mezz Bucharest Open
49,Costin Neaga,Oguzhan Curebal,4,9,22-Mar-19,2019 Mezz Bucharest Open
50,Konrad Piekarski,Heinz Kuenzel,9,8,22-Mar-19,2019 Mezz Bucharest Open
51,Evangelos Vlachos,Ilias Christou,4,9,22-Mar-19,2019 Mezz Bucharest Open
52,Babken Melkonyan,Victor Toma,9,1,22-Mar-19,2019 Mezz Bucharest Open
53,Kadir Korkmaz,Mihai Alexandru Neacsu,9,6,22-Mar-19,2019 Mezz Bucharest Open
54,Grachev Artur,Marco Daniel Mucci,7,9,22-Mar-19,2019 Mezz Bucharest Open
55,Tim Jonkman,Chouliaras Konstantinos,5,9,22-Mar-19,2019 Mezz Bucharest Open
56,Ruslan Chinakhov,Ion Chiverega,9,2,22-Mar-19,2019 Mezz Bucharest Open
57,Dragos Lucian Lucaniuc,Bogdan Sacal,9,8,22-Mar-19,2019 Mezz Bucharest Open
58,Giannis Dimitrakis,Kercso Zoltan,0,9,22-Mar-19,2019 Mezz Bucharest Open
59,Osman Sanlisoy,Spasian Spasov,9,5,22-Mar-19,2019 Mezz Bucharest Open
60,Mario He,Ion Marian Tudorache,9,1,22-Mar-19,2019 Mezz Bucharest Open
61,Gianluca Cappella,Antonakis George,4,9,22-Mar-19,2019 Mezz Bucharest Open
62,Nicolae Berendea,Erol Kayas,8,9,22-Mar-19,2019 Mezz Bucharest Open
63,Anthony Brabin,Evgeniy Genchev,9,7,22-Mar-19,2019 Mezz Bucharest Open
64,Alexander Kazakis,Dinca Steriu,9,2,22-Mar-19,2019 Mezz Bucharest Open
65,Dejan Sipkovski,Cristian Oprea,9,5,22-Mar-19,2019 Mezz Bucharest Open
66,Gîndac Ciprian Gabriel,Costas Konnaris,9,4,22-Mar-19,2019 Mezz Bucharest Open
67,Maican Raul,Angelo Salzano,6,9,22-Mar-19,2019 Mezz Bucharest Open
68,Daniel Macio?,Idd Gaetan Poelman,9,1,22-Mar-19,2019 Mezz Bucharest Open
69,Voiculescu Ciprian,Marian Apostol,4,9,22-Mar-19,2019 Mezz Bucharest Open
70,Albert Gabos,Razvan Florea,9,7,22-Mar-19,2019 Mezz Bucharest Open
71,Mesut Açan,Bogdan Nechifor,9,2,22-Mar-19,2019 Mezz Bucharest Open
72,Jakub Koniar,Massimiliano Corso,9,2,22-Mar-19,2019 Mezz Bucharest Open
73,Thomas Charmantzis,Gabriel Sera,9,6,22-Mar-19,2019 Mezz Bucharest Open
74,Luka Rasevic,Andrea Cianciaruso,9,3,22-Mar-19,2019 Mezz Bucharest Open
75,Furkan Sahin,Tal Frank,9,4,22-Mar-19,2019 Mezz Bucharest Open
76,Ivar Saris,Cristi Cristoiu,9,0,22-Mar-19,2019 Mezz Bucharest Open
77,Gelu Zah,Evren Kaya,9,5,22-Mar-19,2019 Mezz Bucharest Open
78,Wim Scrayen,Vladimir Babic,9,6,22-Mar-19,2019 Mezz Bucharest Open
79,Ronald Mijatovic,Radulescu Dragos,9,2,22-Mar-19,2019 Mezz Bucharest Open
80,Denis Grabe,Stefanel Nelu Boaca,9,1,22-Mar-19,2019 Mezz Bucharest Open
81,Gabriel Syarov,Bogdan Alin Stoian,9,2,22-Mar-19,2019 Mezz Bucharest Open
82,Chatoupis Nick,Sebastian Mihai Ionita,9,3,22-Mar-19,2019 Mezz Bucharest Open
83,Anders Edvardsson,Cristi Ciucas,9,6,22-Mar-19,2019 Mezz Bucharest Open
84,Zoran Svilar,Vahdet Emre Varlik,9,1,22-Mar-19,2019 Mezz Bucharest Open
85,Mihai Alexandru,Zoran Krstic,9,5,22-Mar-19,2019 Mezz Bucharest Open
86,Anastasiei Alin-florin,David Avakiani,9,6,22-Mar-19,2019 Mezz Bucharest Open
87,Stanimir Ruslanov,Eugen Leonte,9,4,22-Mar-19,2019 Mezz Bucharest Open
88,Albin Ouschan,Yorben Vervondel,9,6,22-Mar-19,2019 Mezz Bucharest Open
89,Olivier Mortier,George Kampourlidis,1,9,22-Mar-19,2019 Mezz Bucharest Open
90,Panagiotis Atmatzoglou,Andrei Cristian Ionescu,3,9,22-Mar-19,2019 Mezz Bucharest Open
91,Gerasimos Trivyzas,Alecu Albert,9,3,22-Mar-19,2019 Mezz Bucharest Open
92,Petri Makkonen,Michal Czajkowski,9,0,22-Mar-19,2019 Mezz Bucharest Open
93,Kulcear Bela,Giorgi Gogishvili,9,3,22-Mar-19,2019 Mezz Bucharest Open
94,Aris Çakiris,Jovan Babovic,9,5,22-Mar-19,2019 Mezz Bucharest Open
95,Valentin Dinu,Johannes Geihe,4,9,22-Mar-19,2019 Mezz Bucharest Open
96,Niels Feijen,Bora Anar,9,1,22-Mar-19,2019 Mezz Bucharest Open
97,Dan Afriat,Galgau Daniel,9,4,22-Mar-19,2019 Mezz Bucharest Open
98,Traian Marinca,Ovidiu Cristea,9,8,22-Mar-19,2019 Mezz Bucharest Open
99,Georgiou Lefteris,Zapryan Zapryanov,9,1,22-Mar-19,2019 Mezz Bucharest Open
100,Toni Judet,Gabriel Roberto Gheorghita,9,2,22-Mar-19,2019 Mezz Bucharest Open
101,Armen Tabakovic,Stefan Danescu,2,9,22-Mar-19,2019 Mezz Bucharest Open
102,Mehmet Bakici,Alexandru Chiriac,9,6,22-Mar-19,2019 Mezz Bucharest Open
103,Marc Bijsterbosch,Luca Nicoletti,9,4,22-Mar-19,2019 Mezz Bucharest Open
104,Volosciuc Corneliu,Edmond Zaja,2,9,22-Mar-19,2019 Mezz Bucharest Open
105,Balasica Cristian,Ionut Ciobanu,7,9,22-Mar-19,2019 Mezz Bucharest Open
106,Rico Diks,Murat Teker,9,3,22-Mar-19,2019 Mezz Bucharest Open
107,Imran Majid,Sonia Simionov,9,3,22-Mar-19,2019 Mezz Bucharest Open
108,Trif Alexandru Claudiu,Catalin Bargaoanu,9,4,22-Mar-19,2019 Mezz Bucharest Open
109,Vladica Brkovic,Cristian Surdea,5,9,22-Mar-19,2019 Mezz Bucharest Open
110,Harun Erbey,Ioannis Kavouras,9,5,22-Mar-19,2019 Mezz Bucharest Open
111,Shane Van Boening,Mario Valchev,9,4,22-Mar-19,2019 Mezz Bucharest Open
112,Gener Amet,Alexandru Cotescu,3,9,22-Mar-19,2019 Mezz Bucharest Open
113,Aleksi Almasia,Kakaris Antonis,2,9,22-Mar-19,2019 Mezz Bucharest Open
114,Mario Toader,Stevan Radenkovic,9,6,22-Mar-19,2019 Mezz Bucharest Open
115,Dimitris Loukatos,Jalba Gabriel,9,1,22-Mar-19,2019 Mezz Bucharest Open
116,Marius Blaj,Tudor Spulber,9,1,22-Mar-19,2019 Mezz Bucharest Open
117,Christoph Marien,Darko Ilic,9,2,22-Mar-19,2019 Mezz Bucharest Open
118,Rich Fulwell,Motti Ben Simoin,9,8,22-Mar-19,2019 Mezz Bucharest Open
119,Wiktor Zielinski,Darko Stankovi?,9,2,22-Mar-19,2019 Mezz Bucharest Open
120,Onur Yildirim,Aleksandar Filipovi?,9,1,22-Mar-19,2019 Mezz Bucharest Open
121,Sergiu Voicu,Iliyan Kiryakov,9,5,22-Mar-19,2019 Mezz Bucharest Open
122,Panos Petmezas,Kristiyan Spasov,5,9,22-Mar-19,2019 Mezz Bucharest Open
123,Kostas Koukiadakis,Chris Alexander,6,9,22-Mar-19,2019 Mezz Bucharest Open
124,Slobodan Banjanac,Ielchici Iasmin,9,5,22-Mar-19,2019 Mezz Bucharest Open
125,Lorenzo Giordani,Ioan Claudiu Mihalache,4,9,22-Mar-19,2019 Mezz Bucharest Open
126,Andrea Milioli,Sakis Lainas,9,8,22-Mar-19,2019 Mezz Bucharest Open
127,Wojciech Szewczyk,Micha? Muklewicz,6,9,22-Mar-19,2019 Mezz Bucharest Open
128,Antonis Vourthis,Arkadiusz Giernalczyk,9,6,22-Mar-19,2019 Mezz Bucharest Open
129,Marcus Chamat,Cezary Jarosz,9,6,22-Mar-19,2019 Mezz Bucharest Open
130,Johan Palé,Karabiyik Aygün,2,9,22-Mar-19,2019 Mezz Bucharest Open
131,Olivér Szolnoki,Alex Montpellier,9,7,22-Mar-19,2019 Mezz Bucharest Open
132,Alexandru Dobrin,Jeppe Thyde,5,9,22-Mar-19,2019 Mezz Bucharest Open
133,Sanjin Pehlivanovic,Dan Ursu,9,4,22-Mar-19,2019 Mezz Bucharest Open
134,Mustafa Alnar,Savga Serghei,9,0,22-Mar-19,2019 Mezz Bucharest Open
135,Eklent Kaci,Daniel Silva,9,2,22-Mar-19,2019 Mezz Bucharest Open
136,Aleksandar Zeljkovic,David Márquez Avila,9,6,22-Mar-19,2019 Mezz Bucharest Open
137,Tony Drago,Aleksa Pecelj,3,9,22-Mar-19,2019 Mezz Bucharest Open
138,Arjan Matrizi,Jan Van Lierop,9,3,22-Mar-19,2019 Mezz Bucharest Open
139,Ralf Souquet,Davy Piergiovanni,9,6,22-Mar-19,2019 Mezz Bucharest Open
140,Dan Cristea,Dilian Tiklev,4,9,22-Mar-19,2019 Mezz Bucharest Open
141,Ekonomopoulos Nick,Georgi Georgiev,9,2,22-Mar-19,2019 Mezz Bucharest Open
142,Kaan Duran,Ivaylo Simeonov,4,9,22-Mar-19,2019 Mezz Bucharest Open
143,Jayson Shaw,Dejan Stankovic,9,5,22-Mar-19,2019 Mezz Bucharest Open
144,Elvis Mladinescu,Almin Dervisevic,6,9,22-Mar-19,2019 Mezz Bucharest Open
145,Ioan Ladanyi,Tommie Yates,9,2,22-Mar-19,2019 Mezz Bucharest Open
146,Daniel Kandi,Nickolay Vlashev,9,1,22-Mar-19,2019 Mezz Bucharest Open
147,Mark Gray,Damianos Giallourakis,9,3,22-Mar-19,2019 Mezz Bucharest Open
148,Bogdan Bogorin,Uorsin Candrian,0,9,22-Mar-19,2019 Mezz Bucharest Open
149,Malaj Nick,Nicu Purcaru,9,2,22-Mar-19,2019 Mezz Bucharest Open
150,Menelaos Lolas,Iacob Mihai Daniel,5,9,22-Mar-19,2019 Mezz Bucharest Open
151,Fedor Gorst,Oguzhan Curebal,9,3,22-Mar-19,2019 Mezz Bucharest Open
152,Konrad Piekarski,Ilias Christou,9,4,22-Mar-19,2019 Mezz Bucharest Open
153,Babken Melkonyan,Kadir Korkmaz,9,2,22-Mar-19,2019 Mezz Bucharest Open
154,Marco Daniel Mucci,Chouliaras Konstantinos,6,9,22-Mar-19,2019 Mezz Bucharest Open
155,Ruslan Chinakhov,Dragos Lucian Lucaniuc,9,2,22-Mar-19,2019 Mezz Bucharest Open
156,Kercso Zoltan,Osman Sanlisoy,4,9,22-Mar-19,2019 Mezz Bucharest Open
157,Mario He,Antonakis George,9,4,22-Mar-19,2019 Mezz Bucharest Open
158,Erol Kayas,Anthony Brabin,6,9,22-Mar-19,2019 Mezz Bucharest Open
159,Alexander Kazakis,Dejan Sipkovski,9,5,22-Mar-19,2019 Mezz Bucharest Open
160,Gîndac Ciprian Gabriel,Angelo Salzano,9,4,22-Mar-19,2019 Mezz Bucharest Open
161,Daniel Macio?,Marian Apostol,9,2,22-Mar-19,2019 Mezz Bucharest Open
162,Albert Gabos,Mesut Açan,1,9,22-Mar-19,2019 Mezz Bucharest Open
163,Jakub Koniar,Thomas Charmantzis,9,5,22-Mar-19,2019 Mezz Bucharest Open
164,Luka Rasevic,Furkan Sahin,9,6,22-Mar-19,2019 Mezz Bucharest Open
165,Ivar Saris,Gelu Zah,9,1,22-Mar-19,2019 Mezz Bucharest Open
166,Wim Scrayen,Ronald Mijatovic,6,9,22-Mar-19,2019 Mezz Bucharest Open
167,Denis Grabe,Gabriel Syarov,9,2,22-Mar-19,2019 Mezz Bucharest Open
168,Chatoupis Nick,Anders Edvardsson,9,4,22-Mar-19,2019 Mezz Bucharest Open
169,Zoran Svilar,Mihai Alexandru,9,1,22-Mar-19,2019 Mezz Bucharest Open
170,Anastasiei Alin-florin,Stanimir Ruslanov,7,9,22-Mar-19,2019 Mezz Bucharest Open
171,Albin Ouschan,George Kampourlidis,9,4,22-Mar-19,2019 Mezz Bucharest Open
172,Andrei Cristian Ionescu,Gerasimos Trivyzas,8,9,22-Mar-19,2019 Mezz Bucharest Open
173,Petri Makkonen,Kulcear Bela,9,2,22-Mar-19,2019 Mezz Bucharest Open
174,Aris Çakiris,Johannes Geihe,2,9,22-Mar-19,2019 Mezz Bucharest Open
175,Niels Feijen,Dan Afriat,9,2,22-Mar-19,2019 Mezz Bucharest Open
176,Christoffer Lentz,Traian Marinca,9,4,22-Mar-19,2019 Mezz Bucharest Open
177,Georgiou Lefteris,Toni Judet,6,9,22-Mar-19,2019 Mezz Bucharest Open
178,Stefan Danescu,Mehmet Bakici,4,9,22-Mar-19,2019 Mezz Bucharest Open
179,Marc Bijsterbosch,Edmond Zaja,9,8,22-Mar-19,2019 Mezz Bucharest Open
180,Ionut Ciobanu,Rico Diks,9,7,22-Mar-19,2019 Mezz Bucharest Open
181,Imran Majid,Trif Alexandru Claudiu,8,9,22-Mar-19,2019 Mezz Bucharest Open
182,Cristian Surdea,Harun Erbey,7,9,22-Mar-19,2019 Mezz Bucharest Open
183,Shane Van Boening,Alexandru Cotescu,9,1,22-Mar-19,2019 Mezz Bucharest Open
184,Kakaris Antonis,Mario Toader,9,5,22-Mar-19,2019 Mezz Bucharest Open
185,Dimitris Loukatos,Marius Blaj,9,1,22-Mar-19,2019 Mezz Bucharest Open
186,Christoph Marien,Rich Fulwell,9,1,22-Mar-19,2019 Mezz Bucharest Open
187,Wiktor Zielinski,Onur Yildirim,9,4,22-Mar-19,2019 Mezz Bucharest Open
188,Sergiu Voicu,Kristiyan Spasov,9,6,22-Mar-19,2019 Mezz Bucharest Open
189,Chris Alexander,Slobodan Banjanac,9,4,22-Mar-19,2019 Mezz Bucharest Open
190,Ioan Claudiu Mihalache,Andrea Milioli,4,9,22-Mar-19,2019 Mezz Bucharest Open
191,Serge Das,Gentjan Lengu,9,4,22-Mar-19,2019 Mezz Bucharest Open
192,Ferdi Özdemir,Alexandru Tintaru,9,3,22-Mar-19,2019 Mezz Bucharest Open
193,Preda Robert Alexandru,Roberto Maione,8,9,22-Mar-19,2019 Mezz Bucharest Open
194,Aurelian Apostol,Andras M Kiss,7,9,22-Mar-19,2019 Mezz Bucharest Open
195,Markus Messingschlager,Aleksandar Bogicevic,9,4,22-Mar-19,2019 Mezz Bucharest Open
196,Madalina Ciocan,Matija Obradovic,5,9,22-Mar-19,2019 Mezz Bucharest Open
197,Cristian Munteanu,John Tsirimokos,7,9,22-Mar-19,2019 Mezz Bucharest Open
198,Gabi Gosa,Vlad Adrian Moscalu,9,6,22-Mar-19,2019 Mezz Bucharest Open
199,Bare David,Rodrigo Matias,9,5,22-Mar-19,2019 Mezz Bucharest Open
200,Cristian Barto?,Gastaldi Guido,2,9,22-Mar-19,2019 Mezz Bucharest Open
201,Tahsin Kaplan,Emre Çelik,7,9,22-Mar-19,2019 Mezz Bucharest Open
202,Claudiu Groapa,Flaviu Cristian Hernea,9,8,22-Mar-19,2019 Mezz Bucharest Open
203,Thanasis Arguropoulos,Gal Frank,9,4,22-Mar-19,2019 Mezz Bucharest Open
204,Raileanu Silviu,Ali Koca,4,9,22-Mar-19,2019 Mezz Bucharest Open
205,Levent Kurtuluş,Liviu Chiritoiu,9,6,22-Mar-19,2019 Mezz Bucharest Open
206,Aleksandar Petrovic,Danilo Bruni,7,9,22-Mar-19,2019 Mezz Bucharest Open
207,Mircea Popa,Marius Vacarus,9,7,22-Mar-19,2019 Mezz Bucharest Open
208,Ralf Mrnka,Cocolin Adi,3,9,22-Mar-19,2019 Mezz Bucharest Open
209,Yasin Kartal,Razvan Antohi,9,4,22-Mar-19,2019 Mezz Bucharest Open
210,Patrizio Nuti,Vangelis Gremos,8,9,22-Mar-19,2019 Mezz Bucharest Open
211,Andrei Panghea,Iurie Betivu,9,8,22-Mar-19,2019 Mezz Bucharest Open
212,Alexandru Pitea,Ionut Chicomban,9,4,22-Mar-19,2019 Mezz Bucharest Open
213,Iulian Dragne,Ates Bora Duru,4,9,22-Mar-19,2019 Mezz Bucharest Open
214,Alexandru Marcoci,Costin Neaga,5,9,22-Mar-19,2019 Mezz Bucharest Open
215,Heinz Kuenzel,Evangelos Vlachos,7,9,22-Mar-19,2019 Mezz Bucharest Open
216,Victor Toma,Mihai Alexandru Neacsu,4,9,22-Mar-19,2019 Mezz Bucharest Open
217,Grachev Artur,Tim Jonkman,0,9,22-Mar-19,2019 Mezz Bucharest Open
218,Ion Chiverega,Bogdan Sacal,9,5,22-Mar-19,2019 Mezz Bucharest Open
219,Giannis Dimitrakis,Spasian Spasov,6,9,22-Mar-19,2019 Mezz Bucharest Open
220,Ion Marian Tudorache,Gianluca Cappella,5,9,22-Mar-19,2019 Mezz Bucharest Open
221,Nicolae Berendea,Evgeniy Genchev,9,4,22-Mar-19,2019 Mezz Bucharest Open
222,Dinca Steriu,Cristian Oprea,4,9,22-Mar-19,2019 Mezz Bucharest Open
223,Costas Konnaris,Maican Raul,9,5,22-Mar-19,2019 Mezz Bucharest Open
224,Idd Gaetan Poelman,Voiculescu Ciprian,9,1,22-Mar-19,2019 Mezz Bucharest Open
225,Razvan Florea,Bogdan Nechifor,6,9,22-Mar-19,2019 Mezz Bucharest Open
226,Massimiliano Corso,Gabriel Sera,9,2,22-Mar-19,2019 Mezz Bucharest Open
227,Andrea Cianciaruso,Tal Frank,9,6,22-Mar-19,2019 Mezz Bucharest Open
228,Cristi Cristoiu,Evren Kaya,9,8,22-Mar-19,2019 Mezz Bucharest Open
229,Vladimir Babic,Radulescu Dragos,9,8,22-Mar-19,2019 Mezz Bucharest Open
230,Sebastian Mihai Ionita,Cristi Ciucas,3,9,22-Mar-19,2019 Mezz Bucharest Open
231,Vahdet Emre Varlik,Zoran Krstic,9,4,22-Mar-19,2019 Mezz Bucharest Open
232,David Avakiani,Eugen Leonte,8,9,22-Mar-19,2019 Mezz Bucharest Open
233,Yorben Vervondel,Olivier Mortier,7,9,22-Mar-19,2019 Mezz Bucharest Open
234,Michal Czajkowski,Giorgi Gogishvili,9,3,22-Mar-19,2019 Mezz Bucharest Open
235,Jovan Babovic,Valentin Dinu,7,9,22-Mar-19,2019 Mezz Bucharest Open
236,Bora Anar,Galgau Daniel,9,6,22-Mar-19,2019 Mezz Bucharest Open
237,Zapryan Zapryanov,Gabriel Roberto Gheorghita,0,9,22-Mar-19,2019 Mezz Bucharest Open
238,Armen Tabakovic,Alexandru Chiriac,9,2,22-Mar-19,2019 Mezz Bucharest Open
239,Luca Nicoletti,Volosciuc Corneliu,9,6,22-Mar-19,2019 Mezz Bucharest Open
240,Balasica Cristian,Murat Teker,6,9,22-Mar-19,2019 Mezz Bucharest Open
241,Sonia Simionov,Catalin Bargaoanu,3,9,22-Mar-19,2019 Mezz Bucharest Open
242,Vladica Brkovic,Ioannis Kavouras,3,9,22-Mar-19,2019 Mezz Bucharest Open
243,Mario Valchev,Gener Amet,9,6,22-Mar-19,2019 Mezz Bucharest Open
244,Aleksi Almasia,Stevan Radenkovic,3,9,22-Mar-19,2019 Mezz Bucharest Open
245,Jalba Gabriel,Tudor Spulber,3,9,22-Mar-19,2019 Mezz Bucharest Open
246,Darko Ilic,Motti Ben Simoin,9,7,22-Mar-19,2019 Mezz Bucharest Open
247,Darko Stankovi?,Aleksandar Filipovi?,5,9,22-Mar-19,2019 Mezz Bucharest Open
248,Iliyan Kiryakov,Panos Petmezas,9,7,22-Mar-19,2019 Mezz Bucharest Open
249,Kostas Koukiadakis,Ielchici Iasmin,9,2,22-Mar-19,2019 Mezz Bucharest Open
250,Lorenzo Giordani,Sakis Lainas,7,9,22-Mar-19,2019 Mezz Bucharest Open
251,Ferdi Özdemir,Slobodan Banjanac,9,1,22-Mar-19,2019 Mezz Bucharest Open
252,Roberto Maione,Kristiyan Spasov,1,9,22-Mar-19,2019 Mezz Bucharest Open
253,Andras M Kiss,Onur Yildirim,3,9,22-Mar-19,2019 Mezz Bucharest Open
254,Markus Messingschlager,Rich Fulwell,7,9,22-Mar-19,2019 Mezz Bucharest Open
255,Matija Obradovic,Marius Blaj,9,6,22-Mar-19,2019 Mezz Bucharest Open
256,Gabi Gosa,Alexandru Cotescu,3,9,22-Mar-19,2019 Mezz Bucharest Open
257,Bare David,Cristian Surdea,5,9,22-Mar-19,2019 Mezz Bucharest Open
258,Gastaldi Guido,Imran Majid,5,9,22-Mar-19,2019 Mezz Bucharest Open
259,Emre Çelik,Rico Diks,7,9,22-Mar-19,2019 Mezz Bucharest Open
260,Claudiu Groapa,Edmond Zaja,3,9,22-Mar-19,2019 Mezz Bucharest Open
261,Thanasis Arguropoulos,Stefan Danescu,9,5,22-Mar-19,2019 Mezz Bucharest Open
262,Ali Koca,Georgiou Lefteris,4,9,22-Mar-19,2019 Mezz Bucharest Open
263,Levent Kurtuluş,Traian Marinca,5,9,22-Mar-19,2019 Mezz Bucharest Open
264,Danilo Bruni,Dan Afriat,5,9,22-Mar-19,2019 Mezz Bucharest Open
265,Bogdan Gabriel Toma,Aris Çakiris,6,9,22-Mar-19,2019 Mezz Bucharest Open
266,Mircea Popa,Kulcear Bela,8,9,22-Mar-19,2019 Mezz Bucharest Open
267,Cocolin Adi,Andrei Cristian Ionescu,9,8,22-Mar-19,2019 Mezz Bucharest Open
268,Yasin Kartal,George Kampourlidis,5,9,22-Mar-19,2019 Mezz Bucharest Open
269,Vangelis Gremos,Anastasiei Alin-florin,9,1,22-Mar-19,2019 Mezz Bucharest Open
270,Andrei Panghea,Mihai Alexandru,9,8,22-Mar-19,2019 Mezz Bucharest Open
271,Alexandru Pitea,Anders Edvardsson,6,9,22-Mar-19,2019 Mezz Bucharest Open
272,Ates Bora Duru,Gabriel Syarov,9,7,22-Mar-19,2019 Mezz Bucharest Open
273,Evangelos Vlachos,Gelu Zah,9,8,22-Mar-19,2019 Mezz Bucharest Open
274,Mihai Alexandru Neacsu,Furkan Sahin,9,8,22-Mar-19,2019 Mezz Bucharest Open
275,Tim Jonkman,Thomas Charmantzis,9,2,22-Mar-19,2019 Mezz Bucharest Open
276,Ion Chiverega,Albert Gabos,8,9,22-Mar-19,2019 Mezz Bucharest Open
277,Spasian Spasov,Marian Apostol,9,3,22-Mar-19,2019 Mezz Bucharest Open
278,Gianluca Cappella,Angelo Salzano,9,3,22-Mar-19,2019 Mezz Bucharest Open
279,Nicolae Berendea,Dejan Sipkovski,3,9,22-Mar-19,2019 Mezz Bucharest Open
280,Cristian Oprea,Erol Kayas,4,9,22-Mar-19,2019 Mezz Bucharest Open
281,Costas Konnaris,Antonakis George,9,8,22-Mar-19,2019 Mezz Bucharest Open
282,Idd Gaetan Poelman,Kercso Zoltan,7,9,22-Mar-19,2019 Mezz Bucharest Open
283,Bogdan Nechifor,Dragos Lucian Lucaniuc,3,9,22-Mar-19,2019 Mezz Bucharest Open
284,Massimiliano Corso,Marco Daniel Mucci,9,4,22-Mar-19,2019 Mezz Bucharest Open
285,Andrea Cianciaruso,Kadir Korkmaz,1,9,22-Mar-19,2019 Mezz Bucharest Open
286,Cristi Cristoiu,Ilias Christou,3,9,22-Mar-19,2019 Mezz Bucharest Open
287,Vladimir Babic,Oguzhan Curebal,6,9,22-Mar-19,2019 Mezz Bucharest Open
288,Stefanel Nelu Boaca,Menelaos Lolas,8,9,22-Mar-19,2019 Mezz Bucharest Open
289,Cristi Ciucas,Nicu Purcaru,9,2,22-Mar-19,2019 Mezz Bucharest Open
290,Vahdet Emre Varlik,Bogdan Bogorin,6,9,22-Mar-19,2019 Mezz Bucharest Open
291,Eugen Leonte,Damianos Giallourakis,1,9,22-Mar-19,2019 Mezz Bucharest Open
292,Olivier Mortier,Nickolay Vlashev,9,4,22-Mar-19,2019 Mezz Bucharest Open
293,Panagiotis Atmatzoglou,Tommie Yates,1,9,22-Mar-19,2019 Mezz Bucharest Open
294,Michal Czajkowski,Elvis Mladinescu,7,9,22-Mar-19,2019 Mezz Bucharest Open
295,Valentin Dinu,Dejan Stankovic,1,9,22-Mar-19,2019 Mezz Bucharest Open
296,Bora Anar,Kaan Duran,9,7,22-Mar-19,2019 Mezz Bucharest Open
297,Ovidiu Cristea,Georgi Georgiev,9,8,22-Mar-19,2019 Mezz Bucharest Open
298,Gabriel Roberto Gheorghita,Dan Cristea,3,9,22-Mar-19,2019 Mezz Bucharest Open
299,Armen Tabakovic,Davy Piergiovanni,6,9,22-Mar-19,2019 Mezz Bucharest Open
300,Luca Nicoletti,Jan Van Lierop,6,9,22-Mar-19,2019 Mezz Bucharest Open
301,Murat Teker,Tony Drago,6,9,22-Mar-19,2019 Mezz Bucharest Open
302,Catalin Bargaoanu,David Márquez Avila,7,9,22-Mar-19,2019 Mezz Bucharest Open
303,Ioannis Kavouras,Daniel Silva,9,6,22-Mar-19,2019 Mezz Bucharest Open
304,Mario Valchev,Savga Serghei,9,1,22-Mar-19,2019 Mezz Bucharest Open
305,Stevan Radenkovic,Dan Ursu,3,9,22-Mar-19,2019 Mezz Bucharest Open
306,Tudor Spulber,Alexandru Dobrin,8,9,22-Mar-19,2019 Mezz Bucharest Open
307,Darko Ilic,Alex Montpellier,6,9,22-Mar-19,2019 Mezz Bucharest Open
308,Aleksandar Filipovi?,Johan Palé,2,9,22-Mar-19,2019 Mezz Bucharest Open
309,Iliyan Kiryakov,Cezary Jarosz,1,9,22-Mar-19,2019 Mezz Bucharest Open
310,Kostas Koukiadakis,Arkadiusz Giernalczyk,9,8,22-Mar-19,2019 Mezz Bucharest Open
311,Sakis Lainas,Wojciech Szewczyk,2,9,22-Mar-19,2019 Mezz Bucharest Open
312,Micha? Muklewicz,Antonis Vourthis,9,6,22-Mar-19,2019 Mezz Bucharest Open
313,Marcus Chamat,Karabiyik Aygün,9,0,22-Mar-19,2019 Mezz Bucharest Open
314,Olivér Szolnoki,Jeppe Thyde,9,3,22-Mar-19,2019 Mezz Bucharest Open
315,Sanjin Pehlivanovic,Mustafa Alnar,9,0,22-Mar-19,2019 Mezz Bucharest Open
316,Eklent Kaci,Aleksandar Zeljkovic,9,1,22-Mar-19,2019 Mezz Bucharest Open
317,Aleksa Pecelj,Arjan Matrizi,9,3,22-Mar-19,2019 Mezz Bucharest Open
318,Ralf Souquet,Dilian Tiklev,9,4,22-Mar-19,2019 Mezz Bucharest Open
319,Ekonomopoulos Nick,Ivaylo Simeonov,9,5,22-Mar-19,2019 Mezz Bucharest Open
320,Jayson Shaw,Almin Dervisevic,9,2,22-Mar-19,2019 Mezz Bucharest Open
321,Ioan Ladanyi,Daniel Kandi,9,0,22-Mar-19,2019 Mezz Bucharest Open
322,Mark Gray,Uorsin Candrian,9,0,22-Mar-19,2019 Mezz Bucharest Open
323,Malaj Nick,Iacob Mihai Daniel,9,7,22-Mar-19,2019 Mezz Bucharest Open
324,Fedor Gorst,Konrad Piekarski,9,3,22-Mar-19,2019 Mezz Bucharest Open
325,Babken Melkonyan,Chouliaras Konstantinos,9,7,22-Mar-19,2019 Mezz Bucharest Open
326,Ruslan Chinakhov,Osman Sanlisoy,5,9,22-Mar-19,2019 Mezz Bucharest Open
327,Mario He,Anthony Brabin,9,6,22-Mar-19,2019 Mezz Bucharest Open
328,Alexander Kazakis,Gîndac Ciprian Gabriel,7,9,22-Mar-19,2019 Mezz Bucharest Open
329,Daniel Macio?,Mesut Açan,9,2,22-Mar-19,2019 Mezz Bucharest Open
330,Jakub Koniar,Luka Rasevic,9,3,22-Mar-19,2019 Mezz Bucharest Open
331,Ivar Saris,Ronald Mijatovic,9,6,22-Mar-19,2019 Mezz Bucharest Open
332,Denis Grabe,Chatoupis Nick,9,3,22-Mar-19,2019 Mezz Bucharest Open
333,Zoran Svilar,Stanimir Ruslanov,8,9,22-Mar-19,2019 Mezz Bucharest Open
334,Albin Ouschan,Gerasimos Trivyzas,9,3,22-Mar-19,2019 Mezz Bucharest Open
335,Petri Makkonen,Johannes Geihe,9,5,22-Mar-19,2019 Mezz Bucharest Open
336,Niels Feijen,Christoffer Lentz,9,7,22-Mar-19,2019 Mezz Bucharest Open
337,Toni Judet,Mehmet Bakici,7,9,22-Mar-19,2019 Mezz Bucharest Open
338,Marc Bijsterbosch,Ionut Ciobanu,9,1,22-Mar-19,2019 Mezz Bucharest Open
339,Trif Alexandru Claudiu,Harun Erbey,6,9,22-Mar-19,2019 Mezz Bucharest Open
340,Shane Van Boening,Kakaris Antonis,9,2,22-Mar-19,2019 Mezz Bucharest Open
341,Dimitris Loukatos,Christoph Marien,9,4,22-Mar-19,2019 Mezz Bucharest Open
342,Wiktor Zielinski,Sergiu Voicu,9,5,22-Mar-19,2019 Mezz Bucharest Open
343,Chris Alexander,Andrea Milioli,9,6,22-Mar-19,2019 Mezz Bucharest Open
344,Ioan Claudiu Mihalache,Ferdi Özdemir,6,9,22-Mar-19,2019 Mezz Bucharest Open
345,Kristiyan Spasov,Onur Yildirim,4,9,22-Mar-19,2019 Mezz Bucharest Open
346,Rich Fulwell,Matija Obradovic,5,9,22-Mar-19,2019 Mezz Bucharest Open
347,John Tsirimokos,Alexandru Cotescu,9,5,22-Mar-19,2019 Mezz Bucharest Open
348,Cristian Surdea,Imran Majid,2,9,22-Mar-19,2019 Mezz Bucharest Open
349,Rico Diks,Edmond Zaja,9,7,22-Mar-19,2019 Mezz Bucharest Open
350,Thanasis Arguropoulos,Georgiou Lefteris,2,9,22-Mar-19,2019 Mezz Bucharest Open
351,Traian Marinca,Dan Afriat,9,3,22-Mar-19,2019 Mezz Bucharest Open
352,Aris Çakiris,Kulcear Bela,9,8,22-Mar-19,2019 Mezz Bucharest Open
353,Cocolin Adi,George Kampourlidis,9,4,22-Mar-19,2019 Mezz Bucharest Open
354,Vangelis Gremos,Andrei Panghea,9,6,22-Mar-19,2019 Mezz Bucharest Open
355,Anders Edvardsson,Ates Bora Duru,9,6,22-Mar-19,2019 Mezz Bucharest Open
356,Costin Neaga,Evangelos Vlachos,9,7,22-Mar-19,2019 Mezz Bucharest Open
357,Mihai Alexandru Neacsu,Tim Jonkman,2,9,22-Mar-19,2019 Mezz Bucharest Open
358,Albert Gabos,Spasian Spasov,8,9,22-Mar-19,2019 Mezz Bucharest Open
359,Gianluca Cappella,Dejan Sipkovski,5,9,22-Mar-19,2019 Mezz Bucharest Open
360,Erol Kayas,Costas Konnaris,7,9,22-Mar-19,2019 Mezz Bucharest Open
361,Kercso Zoltan,Dragos Lucian Lucaniuc,9,7,22-Mar-19,2019 Mezz Bucharest Open
362,Massimiliano Corso,Kadir Korkmaz,9,3,22-Mar-19,2019 Mezz Bucharest Open
363,Ilias Christou,Oguzhan Curebal,8,9,22-Mar-19,2019 Mezz Bucharest Open
364,Menelaos Lolas,Cristi Ciucas,9,6,22-Mar-19,2019 Mezz Bucharest Open
365,Bogdan Bogorin,Damianos Giallourakis,0,9,22-Mar-19,2019 Mezz Bucharest Open
366,Olivier Mortier,Tommie Yates,9,6,22-Mar-19,2019 Mezz Bucharest Open
367,Elvis Mladinescu,Dejan Stankovic,9,7,22-Mar-19,2019 Mezz Bucharest Open
368,Bora Anar,Ovidiu Cristea,8,9,22-Mar-19,2019 Mezz Bucharest Open
369,Dan Cristea,Davy Piergiovanni,4,9,22-Mar-19,2019 Mezz Bucharest Open
370,Jan Van Lierop,Tony Drago,5,9,22-Mar-19,2019 Mezz Bucharest Open
371,David Márquez Avila,Ioannis Kavouras,9,8,22-Mar-19,2019 Mezz Bucharest Open
372,Mario Valchev,Dan Ursu,6,9,22-Mar-19,2019 Mezz Bucharest Open
373,Alexandru Dobrin,Alex Montpellier,3,9,22-Mar-19,2019 Mezz Bucharest Open
374,Johan Palé,Cezary Jarosz,3,9,22-Mar-19,2019 Mezz Bucharest Open
375,Kostas Koukiadakis,Wojciech Szewczyk,8,9,22-Mar-19,2019 Mezz Bucharest Open
376,Ferdi Özdemir,Anthony Brabin,3,9,22-Mar-19,2019 Mezz Bucharest Open
377,Onur Yildirim,Ruslan Chinakhov,9,4,22-Mar-19,2019 Mezz Bucharest Open
378,Matija Obradovic,Chouliaras Konstantinos,2,9,22-Mar-19,2019 Mezz Bucharest Open
379,John Tsirimokos,Konrad Piekarski,4,9,22-Mar-19,2019 Mezz Bucharest Open
380,Imran Majid,Iacob Mihai Daniel,9,2,22-Mar-19,2019 Mezz Bucharest Open
381,Rico Diks,Uorsin Candrian,9,5,22-Mar-19,2019 Mezz Bucharest Open
382,Georgiou Lefteris,Daniel Kandi,9,4,22-Mar-19,2019 Mezz Bucharest Open
383,Traian Marinca,Almin Dervisevic,9,8,22-Mar-19,2019 Mezz Bucharest Open
384,Aris Çakiris,Ivaylo Simeonov,8,9,22-Mar-19,2019 Mezz Bucharest Open
385,Cocolin Adi,Dilian Tiklev,4,9,22-Mar-19,2019 Mezz Bucharest Open
386,Vangelis Gremos,Arjan Matrizi,4,9,22-Mar-19,2019 Mezz Bucharest Open
387,Anders Edvardsson,Aleksandar Zeljkovic,9,4,22-Mar-19,2019 Mezz Bucharest Open
388,Costin Neaga,Mustafa Alnar,3,9,22-Mar-19,2019 Mezz Bucharest Open
389,Tim Jonkman,Jeppe Thyde,9,6,22-Mar-19,2019 Mezz Bucharest Open
390,Spasian Spasov,Karabiyik Aygün,8,9,22-Mar-19,2019 Mezz Bucharest Open
391,Dejan Sipkovski,Antonis Vourthis,6,9,22-Mar-19,2019 Mezz Bucharest Open
392,Costas Konnaris,Andrea Milioli,8,9,22-Mar-19,2019 Mezz Bucharest Open
393,Kercso Zoltan,Sergiu Voicu,5,9,22-Mar-19,2019 Mezz Bucharest Open
394,Massimiliano Corso,Christoph Marien,9,8,22-Mar-19,2019 Mezz Bucharest Open
395,Oguzhan Curebal,Kakaris Antonis,8,9,22-Mar-19,2019 Mezz Bucharest Open
396,Menelaos Lolas,Trif Alexandru Claudiu,4,9,22-Mar-19,2019 Mezz Bucharest Open
397,Damianos Giallourakis,Ionut Ciobanu,9,3,22-Mar-19,2019 Mezz Bucharest Open
398,Olivier Mortier,Toni Judet,8,9,22-Mar-19,2019 Mezz Bucharest Open
399,Elvis Mladinescu,Christoffer Lentz,9,5,22-Mar-19,2019 Mezz Bucharest Open
400,Ovidiu Cristea,Johannes Geihe,9,7,22-Mar-19,2019 Mezz Bucharest Open
401,Davy Piergiovanni,Gerasimos Trivyzas,9,6,22-Mar-19,2019 Mezz Bucharest Open
402,Tony Drago,Zoran Svilar,8,9,22-Mar-19,2019 Mezz Bucharest Open
403,David Márquez Avila,Chatoupis Nick,7,9,22-Mar-19,2019 Mezz Bucharest Open
404,Dan Ursu,Ronald Mijatovic,9,4,22-Mar-19,2019 Mezz Bucharest Open
405,Alex Montpellier,Luka Rasevic,9,1,22-Mar-19,2019 Mezz Bucharest Open
406,Cezary Jarosz,Mesut Açan,9,8,22-Mar-19,2019 Mezz Bucharest Open
407,Wojciech Szewczyk,Alexander Kazakis,9,7,22-Mar-19,2019 Mezz Bucharest Open
408,Micha? Muklewicz,Marcus Chamat,9,7,22-Mar-19,2019 Mezz Bucharest Open
409,Olivér Szolnoki,Sanjin Pehlivanovic,4,9,22-Mar-19,2019 Mezz Bucharest Open
410,Eklent Kaci,Aleksa Pecelj,9,3,22-Mar-19,2019 Mezz Bucharest Open
411,Ralf Souquet,Ekonomopoulos Nick,9,5,22-Mar-19,2019 Mezz Bucharest Open
412,Jayson Shaw,Ioan Ladanyi,8,9,22-Mar-19,2019 Mezz Bucharest Open
413,Mark Gray,Malaj Nick,9,8,22-Mar-19,2019 Mezz Bucharest Open
414,Fedor Gorst,Babken Melkonyan,8,9,22-Mar-19,2019 Mezz Bucharest Open
415,Osman Sanlisoy,Mario He,8,9,22-Mar-19,2019 Mezz Bucharest Open
416,Gîndac Ciprian Gabriel,Daniel Macio?,2,9,22-Mar-19,2019 Mezz Bucharest Open
417,Jakub Koniar,Ivar Saris,9,6,22-Mar-19,2019 Mezz Bucharest Open
418,Denis Grabe,Stanimir Ruslanov,9,8,22-Mar-19,2019 Mezz Bucharest Open
419,Albin Ouschan,Petri Makkonen,9,6,22-Mar-19,2019 Mezz Bucharest Open
420,Niels Feijen,Mehmet Bakici,9,7,22-Mar-19,2019 Mezz Bucharest Open
421,Marc Bijsterbosch,Harun Erbey,9,2,22-Mar-19,2019 Mezz Bucharest Open
422,Shane Van Boening,Dimitris Loukatos,9,6,22-Mar-19,2019 Mezz Bucharest Open
423,Wiktor Zielinski,Chris Alexander,9,1,22-Mar-19,2019 Mezz Bucharest Open
424,Anthony Brabin,Onur Yildirim,9,8,22-Mar-19,2019 Mezz Bucharest Open
425,Chouliaras Konstantinos,Konrad Piekarski,7,9,22-Mar-19,2019 Mezz Bucharest Open
426,Imran Majid,Rico Diks,9,8,22-Mar-19,2019 Mezz Bucharest Open
427,Georgiou Lefteris,Traian Marinca,9,5,22-Mar-19,2019 Mezz Bucharest Open
428,Ivaylo Simeonov,Dilian Tiklev,4,9,22-Mar-19,2019 Mezz Bucharest Open
429,Arjan Matrizi,Anders Edvardsson,9,0,22-Mar-19,2019 Mezz Bucharest Open
430,Mustafa Alnar,Tim Jonkman,9,7,22-Mar-19,2019 Mezz Bucharest Open
431,Karabiyik Aygün,Antonis Vourthis,7,9,22-Mar-19,2019 Mezz Bucharest Open
432,Andrea Milioli,Sergiu Voicu,9,6,22-Mar-19,2019 Mezz Bucharest Open
433,Massimiliano Corso,Kakaris Antonis,5,9,22-Mar-19,2019 Mezz Bucharest Open
434,Trif Alexandru Claudiu,Damianos Giallourakis,8,9,22-Mar-19,2019 Mezz Bucharest Open
435,Toni Judet,Elvis Mladinescu,9,4,22-Mar-19,2019 Mezz Bucharest Open
436,Ovidiu Cristea,Davy Piergiovanni,9,6,22-Mar-19,2019 Mezz Bucharest Open
437,Zoran Svilar,Chatoupis Nick,2,9,22-Mar-19,2019 Mezz Bucharest Open
438,Dan Ursu,Alex Montpellier,3,9,22-Mar-19,2019 Mezz Bucharest Open
439,Cezary Jarosz,Wojciech Szewczyk,4,9,22-Mar-19,2019 Mezz Bucharest Open
440,Anthony Brabin,Gîndac Ciprian Gabriel,7,9,22-Mar-19,2019 Mezz Bucharest Open
441,Konrad Piekarski,Ivar Saris,8,9,22-Mar-19,2019 Mezz Bucharest Open
442,Imran Majid,Stanimir Ruslanov,9,6,22-Mar-19,2019 Mezz Bucharest Open
443,Georgiou Lefteris,Petri Makkonen,0,1,22-Mar-19,2019 Mezz Bucharest Open
444,Dilian Tiklev,Mehmet Bakici,3,9,22-Mar-19,2019 Mezz Bucharest Open
445,Arjan Matrizi,Harun Erbey,9,6,22-Mar-19,2019 Mezz Bucharest Open
446,Mustafa Alnar,Dimitris Loukatos,3,9,22-Mar-19,2019 Mezz Bucharest Open
447,Antonis Vourthis,Chris Alexander,7,9,22-Mar-19,2019 Mezz Bucharest Open
448,Andrea Milioli,Marcus Chamat,3,9,22-Mar-19,2019 Mezz Bucharest Open
449,Kakaris Antonis,Olivér Szolnoki,8,9,22-Mar-19,2019 Mezz Bucharest Open
450,Damianos Giallourakis,Aleksa Pecelj,9,5,22-Mar-19,2019 Mezz Bucharest Open
451,Toni Judet,Ekonomopoulos Nick,5,9,22-Mar-19,2019 Mezz Bucharest Open
452,Ovidiu Cristea,Jayson Shaw,4,9,22-Mar-19,2019 Mezz Bucharest Open
453,Chatoupis Nick,Malaj Nick,5,9,22-Mar-19,2019 Mezz Bucharest Open
454,Alex Montpellier,Fedor Gorst,8,9,22-Mar-19,2019 Mezz Bucharest Open
455,Wojciech Szewczyk,Osman Sanlisoy,9,4,22-Mar-19,2019 Mezz Bucharest Open
456,Micha? Muklewicz,Damianos Giallourakis,2,10,22-Mar-19,2019 Mezz Bucharest Open
457,Sanjin Pehlivanovic,Marcus Chamat,6,10,22-Mar-19,2019 Mezz Bucharest Open
458,Eklent Kaci,Mehmet Bakici,10,4,22-Mar-19,2019 Mezz Bucharest Open
459,Ralf Souquet,Chris Alexander,10,5,22-Mar-19,2019 Mezz Bucharest Open
460,Ioan Ladanyi,Petri Makkonen,2,10,22-Mar-19,2019 Mezz Bucharest Open
461,Mark Gray,Arjan Matrizi,10,7,22-Mar-19,2019 Mezz Bucharest Open
462,Babken Melkonyan,Jayson Shaw,7,10,22-Mar-19,2019 Mezz Bucharest Open
463,Mario He,Imran Majid,10,9,22-Mar-19,2019 Mezz Bucharest Open
464,Daniel Macio?,Dimitris Loukatos,10,2,22-Mar-19,2019 Mezz Bucharest Open
465,Jakub Koniar,Gindac Ciprian Gabriel,10,3,22-Mar-19,2019 Mezz Bucharest Open
466,Denis Grabe,Wojciech Szewczyk,6,10,22-Mar-19,2019 Mezz Bucharest Open
467,Albin Ouschan,Ekonomopoulos Nick,10,9,22-Mar-19,2019 Mezz Bucharest Open
468,Niels Feijen,Ivar Saris,10,4,22-Mar-19,2019 Mezz Bucharest Open
469,Marc Bijsterbosch,Fedor Gorst,6,10,22-Mar-19,2019 Mezz Bucharest Open
470,Shane Van Boening,Olivér Szolnoki,10,9,22-Mar-19,2019 Mezz Bucharest Open
471,Wiktor Zielinski,Malaj Nick,10,5,22-Mar-19,2019 Mezz Bucharest Open
472,Damianos Giallourakis,Marcus Chamat,10,9,22-Mar-19,2019 Mezz Bucharest Open
473,Eklent Kaci,Ralf Souquet,10,8,22-Mar-19,2019 Mezz Bucharest Open
474,Petri Makkonen,Mark Gray,9,10,22-Mar-19,2019 Mezz Bucharest Open
475,Jayson Shaw,Mario He,10,4,22-Mar-19,2019 Mezz Bucharest Open
476,Daniel Macio?,Jakub Koniar,6,10,22-Mar-19,2019 Mezz Bucharest Open
477,Wojciech Szewczyk,Albin Ouschan,10,4,22-Mar-19,2019 Mezz Bucharest Open
478,Niels Feijen,Fedor Gorst,5,10,22-Mar-19,2019 Mezz Bucharest Open
479,Shane Van Boening,Wiktor Zielinski,10,9,22-Mar-19,2019 Mezz Bucharest Open
480,Damianos Giallourakis,Eklent Kaci,10,5,22-Mar-19,2019 Mezz Bucharest Open
481,Mark Gray,Jayson Shaw,6,10,22-Mar-19,2019 Mezz Bucharest Open
482,Jakub Koniar,Wojciech Szewczyk,10,9,22-Mar-19,2019 Mezz Bucharest Open
483,Fedor Gorst,Shane Van Boening,10,5,22-Mar-19,2019 Mezz Bucharest Open
484,Damianos Giallourakis,Jayson Shaw,6,10,22-Mar-19,2019 Mezz Bucharest Open
485,Jakub Koniar,Fedor Gorst,4,11,22-Mar-19,2019 Mezz Bucharest Open
486,Jayson Shaw,Fedor Gorst,9,10,22-Mar-19,2019 Mezz Bucharest Open