,winner,winnerNationality,winnerRunouts,winnerScore,loser,loserNationality,loserRunouts,loserScore,matchNum,matchTime,tournament
0,Jayson Shaw,Scotland,2,11,Marcus Westen,Germany,0,0,1,21.Apr 2019 08:43,US Open 9 Ball Championship 2019
1,Jason Williams,United States,0,4,Tom Staveley,United Kingdom,1,11,2,21.Apr 2019 08:55,US Open 9 Ball Championship 2019
2,Hunter Lombardo,United States,0,11,Kosuke Tojo,Japan,2,10,3,21.Apr 2019 08:55,US Open 9 Ball Championship 2019
3,Chad Rhodes,United States,0,4,Radwan Jameel R Sorouji,Saudi Arabia,0,11,4,21.Apr 2019 08:55,US Open 9 Ball Championship 2019
4,Naoyuki Oi,Japan,0,9,Marco Vignola,Italy,0,11,5,21.Apr 2019 08:55,US Open 9 Ball Championship 2019
5,Jason Klatt,Canada,3,9,Alex Montpellier,France,2,11,6,21.Apr 2019 08:55,US Open 9 Ball Championship 2019
6,Patrick Flemming,United States,0,3,Martin Daigle,Canada,0,11,7,21.Apr 2019 08:55,US Open 9 Ball Championship 2019
7,Corey Deuel,United States,4,11,Angelo Salzano,Italy,0,1,8,21.Apr 2019 08:55,US Open 9 Ball Championship 2019
8,Marcel Price,Wales,0,6,Petri Makkonen,Finland,2,11,9,21.Apr 2019 08:55,US Open 9 Ball Championship 2019
9,Amar Kang,United States,2,6,Peter Busarac,Germany,1,11,10,21.Apr 2019 08:49,US Open 9 Ball Championship 2019
10,Ellis Brown,United States,0,2,Franklin Hernandez,United States,0,11,11,21.Apr 2019 08:50,US Open 9 Ball Championship 2019
11,Paul Juarez,United States,0,5,Justin Bergman,United States,0,11,12,21.Apr 2019 10:10,US Open 9 Ball Championship 2019
12,James Aranas,Philippines,1,11,Roderick Malone,Bahamas,2,0,13,21.Apr 2019 08:50,US Open 9 Ball Championship 2019
13,Erik  Hjorleifson,Canada,4,9,MASATO YOSHIOKA,Japan,2,11,14,21.Apr 2019 08:50,US Open 9 Ball Championship 2019
14,Jochen Kluge,Germany,0,3,Stephen Folan,Canada,0,11,15,21.Apr 2019 08:49,US Open 9 Ball Championship 2019
15,Jon Demet,United States,0,2,Toru Kurabayashi,Japan,0,11,16,21.Apr 2019 08:50,US Open 9 Ball Championship 2019
16,Fedor Gorst,Russia,4,11,Gary Onomura,United States,0,1,17,21.Apr 2019 08:50,US Open 9 Ball Championship 2019
17,Stanley Walton,Cayman Islands,0,8,Paul Duell,Canada,0,11,18,21.Apr 2019 08:55,US Open 9 Ball Championship 2019
18,Bradley Shearer,United States,0,7,Omar Al Shaheen,Kuwait,0,11,19,21.Apr 2019 08:51,US Open 9 Ball Championship 2019
19,Amer Al-Darbani,Saudi Arabia,1,6,Mateusz Sniegocki,Poland,4,11,20,21.Apr 2019 08:51,US Open 9 Ball Championship 2019
20,Fabio Rizzi,France,1,8,Da-Li Lin,Chinese Taipei,3,11,21,21.Apr 2019 08:51,US Open 9 Ball Championship 2019
21,Jeremy jones,United States,0,11,Jason Hitzfeld,United States,0,0,22,21.Apr 2019 08:51,US Open 9 Ball Championship 2019
22,Steve Van Ness,United States,0,3,Philipp Stojanovic,,1,11,23,21.Apr 2019 08:51,US Open 9 Ball Championship 2019
23,Dalibor Nikolin,Serbia,0,3,Francisco Sanchez Ruiz,Spain,1,11,24,21.Apr 2019 08:55,US Open 9 Ball Championship 2019
24,Christopher Lawson,United States,0,3,(Kevin) Cheng Yu Hsuan,Chinese Taipei,2,11,25,21.Apr 2019 08:51,US Open 9 Ball Championship 2019
25,Mohammed Ali N Al Eid,Saudi Arabia,0,9,Ivo Aarts,Netherlands,0,11,26,21.Apr 2019 08:51,US Open 9 Ball Championship 2019
26,Ken Kuwana,Japan,0,4,Rodney Morris,United States,0,11,27,21.Apr 2019 08:55,US Open 9 Ball Championship 2019
27,Deomark Alpajora,United States,1,3,Radoslaw Babica,Poland,4,11,28,21.Apr 2019 08:55,US Open 9 Ball Championship 2019
28,Ritchie Ogawa,Japan,0,3,Marc Bijsterbosch,Netherlands,6,11,29,21.Apr 2019 08:55,US Open 9 Ball Championship 2019
29,Gary Urinoski,United States,0,4,Danny Olson,United States,0,11,30,21.Apr 2019 08:55,US Open 9 Ball Championship 2019
30,Toan Nguyen,New Zealand,0,2,Bahram Lotfy,Denmark,0,11,31,21.Apr 2019 08:55,US Open 9 Ball Championship 2019
31,Giuseppe Iacobucci,Italy,0,7,Ko Pin-Yi (秉逸柯),Chinese Taipei,0,11,32,21.Apr 2019 08:55,US Open 9 Ball Championship 2019
32,Carlo Biado,Philippines,0,11,Fahad Salem N Alharbi,Saudi Arabia,0,0,33,21.Apr 2019 08:55,US Open 9 Ball Championship 2019
33,Tyler Fleshman,United States,0,4,Kenichi Uchigaki,Japan,0,11,34,21.Apr 2019 08:55,US Open 9 Ball Championship 2019
34,Matt Edwards,New Zealand,4,11,Marco Penta,Switzerland,0,1,35,21.Apr 2019 10:08,US Open 9 Ball Championship 2019
35,Hideaki Arita,Japan,0,11,Maksim Dudanets,Russia,0,10,36,21.Apr 2019 10:09,US Open 9 Ball Championship 2019
36,Jeffrey De Luna,Philippines,1,11,Torsten Schmitt,Germany,0,0,37,21.Apr 2019 10:10,US Open 9 Ball Championship 2019
37,Rob Hart,United States,2,2,Chris Robinson,United States,0,11,38,21.Apr 2019 09:59,US Open 9 Ball Championship 2019
38,Marco Teutscher,Netherlands,1,9,Raymund Faraon,Philippines,2,11,39,21.Apr 2019 10:20,US Open 9 Ball Championship 2019
39,Yip Kin Ling Leo,Hong Kong,2,7,Dennis Orcullo,Philippines,4,11,40,21.Apr 2019 10:13,US Open 9 Ball Championship 2019
40,David Alcaide Bermudez,Spain,3,11,Jorg Kellner,Germany,0,0,41,21.Apr 2019 10:25,US Open 9 Ball Championship 2019
41,Blake Baker,United States,0,8,Mitch Ellerman,United States,0,11,42,21.Apr 2019 10:25,US Open 9 Ball Championship 2019
42,Mohamed Baabad,Saudi Arabia,0,FF,Siming Chen,China,0,-,43,21.Apr 2019 10:35,US Open 9 Ball Championship 2019
43,Jamal Oussi,Morocco,0,3,Hoang Duong Quoc,Vietnam,5,11,44,21.Apr 2019 10:40,US Open 9 Ball Championship 2019
44,Liu Haitao,China,1,11,Patrick Griess,Germany,0,1,45,21.Apr 2019 10:40,US Open 9 Ball Championship 2019
45,Mike Stalk,United States,0,5,John Schmidt,United States,0,11,46,21.Apr 2019 10:26,US Open 9 Ball Championship 2019
46,Nguyen Phuc Long,Vietnam,0,2,Justin Espinosa,United States,0,11,47,21.Apr 2019 10:24,US Open 9 Ball Championship 2019
47,Eklent KaÇi,Albania,0,11,Koh Yong Lee Randolph,Singapore,0,0,48,21.Apr 2019 11:15,US Open 9 Ball Championship 2019
48,Mahmut Sami Koylu,Turkey,0,3,Ko Ping-Chung,Chinese Taipei,2,11,49,21.Apr 2019 10:55,US Open 9 Ball Championship 2019
49,Cole Gibbons,United States,0,3,Brian Sanders,United States,2,11,50,21.Apr 2019 10:55,US Open 9 Ball Championship 2019
50,Michael Yednak,United States,0,8,Brandon Shuff,United States,0,11,51,21.Apr 2019 11:02,US Open 9 Ball Championship 2019
51,Mike Dechaine,United States,2,11,Robert Hewings,United Kingdom,0,1,52,21.Apr 2019 11:02,US Open 9 Ball Championship 2019
52,Konrad Juszczyszyn,Poland,4,11,John Chapman,England,0,1,53,21.Apr 2019 11:09,US Open 9 Ball Championship 2019
53,HAYATO HIJIKATA,Japan,5,11,Luis Guerrero,United States,0,0,54,21.Apr 2019 11:05,US Open 9 Ball Championship 2019
54,Walkover,United States,0,FF,Kenny Loftis,United States,0,-,55,21.Apr 2019 11:05,US Open 9 Ball Championship 2019
55,Michael Hutcheson,United States,0,5,Thorsten Hohmann,Germany,3,11,56,21.Apr 2019 10:56,US Open 9 Ball Championship 2019
56,Kurt Kobayashi,United States,0,7,Johnny Archer,United States,0,11,57,21.Apr 2019 11:10,US Open 9 Ball Championship 2019
57,Roberto Gomez,Philippines,0,8,Konrad Piekarski,Poland,1,11,58,21.Apr 2019 11:15,US Open 9 Ball Championship 2019
58,Damian Pongpanki,United States,0,6,Jani Siekkinen,Finland,0,11,59,21.Apr 2019 11:15,US Open 9 Ball Championship 2019
59,Bora Anar,Switzerland,0,3,Alex Pagulayan,Canada,3,11,60,21.Apr 2019 11:20,US Open 9 Ball Championship 2019
60,Bryan Farah,Curacao,0,3,Sanjin Pehlivanovic,Bosnia and Herzegovina,0,11,61,21.Apr 2019 11:23,US Open 9 Ball Championship 2019
61,Milos Verkic,Serbia,1,8,Ching-Shun Yang,Chinese Taipei,3,11,62,21.Apr 2019 11:23,US Open 9 Ball Championship 2019
62,Michael DeLawder,United States,1,8,Kings Santy,United States,0,11,63,21.Apr 2019 11:11,US Open 9 Ball Championship 2019
63,Alex Kazakis,Greece,4,11,Jason McClain,United States,0,0,64,21.Apr 2019 11:24,US Open 9 Ball Championship 2019
64,Matt Krah,United States,0,2,Joshua Filler,Germany,3,11,65,21.Apr 2019 11:30,US Open 9 Ball Championship 2019
65,Thomas Welle,Germany,0,2,David Anderson,South Africa,0,11,66,21.Apr 2019 11:27,US Open 9 Ball Championship 2019
66,Henrik Larsson,Sweden,0,5,Jalal Yousef,Venezuela,1,11,67,21.Apr 2019 12:10,US Open 9 Ball Championship 2019
67,Tom Griffith,United States,0,2,Roman Hybler,Germany,2,11,68,21.Apr 2019 11:59,US Open 9 Ball Championship 2019
68,Lefteris Georgiou,Cyprus,1,6,Jeffrey Ignacio,Philippines,0,11,69,21.Apr 2019 11:59,US Open 9 Ball Championship 2019
69,James Davee,United States,0,4,Kostas Koukiadakis,Greece,0,11,70,21.Apr 2019 12:05,US Open 9 Ball Championship 2019
70,Adam King,United States,0,2,Kai Lun Hsu,Chinese Taipei,5,11,71,21.Apr 2019 12:20,US Open 9 Ball Championship 2019
71,Ralph Eckert,Germany,0,3,Mika Immonen,Finland,5,11,72,21.Apr 2019 12:25,US Open 9 Ball Championship 2019
72,Kuo Szu-Ting,Chinese Taipei,2,6,Wu Kun Lin,Chinese Taipei,3,11,73,21.Apr 2019 12:21,US Open 9 Ball Championship 2019
73,Kang Lee,United States,0,9,Ernesto Dominguez,Mexico,0,11,74,21.Apr 2019 12:30,US Open 9 Ball Championship 2019
74,Walk Over,United States,0,FF,Darren Appleton,United Kingdom,0,-,75,21.Apr 2019 12:35,US Open 9 Ball Championship 2019
75,Richard Halliday,South Africa,3,11,Patrick Holtz,Scotland,2,10,76,21.Apr 2019 12:40,US Open 9 Ball Championship 2019
76,Kelii Chuberko,United States,0,6,Tyler Styer,United States,0,11,77,21.Apr 2019 12:38,US Open 9 Ball Championship 2019
77,Josh Roberts,United States,1,11,Che-Wei Fu,Chinese Taipei,2,10,78,21.Apr 2019 12:45,US Open 9 Ball Championship 2019
78,John Barton,United States,0,7,Zachary Bos,United States,0,11,79,21.Apr 2019 12:45,US Open 9 Ball Championship 2019
79,Johann Dominik Huber,Germany,0,2,Wu Jiaqing,China,0,11,80,21.Apr 2019 12:44,US Open 9 Ball Championship 2019
80,Lee Heuwagen,United States,1,8,Denis Grabe,Estonia,0,11,81,21.Apr 2019 12:48,US Open 9 Ball Championship 2019
81,Ronald Regli,Switzerland,0,11,Jeffrey Jimenez,United States,0,0,82,21.Apr 2019 12:45,US Open 9 Ball Championship 2019
82,Gwyn Spooner,Germany,0,2,Liu Ri Teng,Chinese Taipei,4,11,83,21.Apr 2019 13:07,US Open 9 Ball Championship 2019
83,Chang Yu-Lung,Chinese Taipei,1,11,Arnar Petersen,Iceland,0,0,84,21.Apr 2019 13:02,US Open 9 Ball Championship 2019
84,Dejan Sipkovski,Macedonia (FYROM),1,4,Wang Can,China,0,11,85,21.Apr 2019 13:00,US Open 9 Ball Championship 2019
85,Francisco Bustamante,Philippines,3,11,Johno McDowell Pakieto,Niue,0,0,86,21.Apr 2019 12:55,US Open 9 Ball Championship 2019
86,Max Eberle,United States,1,11,Robert Goddard,United States,0,0,87,21.Apr 2019 13:05,US Open 9 Ball Championship 2019
87,Nick de Leon,United States,1,6,Aloysius Yapp,Singapore,2,11,88,21.Apr 2019 13:11,US Open 9 Ball Championship 2019
88,Luu Minh Phuc,Vietnam,1,2,Skyler Woodward,United States,4,11,89,21.Apr 2019 12:22,US Open 9 Ball Championship 2019
89,Stephen Holem,Canada,1,7,Imran Majid,United Kingdom,2,11,90,21.Apr 2019 13:18,US Open 9 Ball Championship 2019
90,Jason Theron,South Africa,1,11,Katsuyuki Yamamoto,Japan,0,1,91,21.Apr 2019 13:21,US Open 9 Ball Championship 2019
91,Stan Tourangeau,Canada,0,5,Ruslan Chinahov,Russia,0,11,92,21.Apr 2019 13:15,US Open 9 Ball Championship 2019
92,Wojciech Szewczyk,Poland,2,11,Renato Camantigue,United States,0,1,93,21.Apr 2019 13:25,US Open 9 Ball Championship 2019
93,James Adams,United States,0,7,Marek Kudlik,Poland,1,11,94,21.Apr 2019 13:29,US Open 9 Ball Championship 2019
94,Clint Palaci,United States,0,4,Paddy Mc Loughlin,Ireland,1,11,95,21.Apr 2019 15:00,US Open 9 Ball Championship 2019
95,Niels Feijen,Netherlands,0,11,Brian Parks,United States,0,1,96,21.Apr 2019 13:46,US Open 9 Ball Championship 2019
96,Roland Stock,United States,0,4,Chang Jung-Lin,Chinese Taipei,2,11,97,21.Apr 2019 13:29,US Open 9 Ball Championship 2019
97,John Moody Sr,United States,0,5,Adam Lilley,New Zealand,2,11,98,21.Apr 2019 13:30,US Open 9 Ball Championship 2019
98,Dimitri Jungo,Switzerland,0,9,Nikolaos Malai,Greece,0,11,99,21.Apr 2019 13:32,US Open 9 Ball Championship 2019
99,Francesco Candela,Italy,1,4,Tomasz Kaplan,Poland,2,11,100,21.Apr 2019 14:23,US Open 9 Ball Championship 2019
100,Michael Pruitt,United States,0,3,Mario He,Austria,2,11,101,21.Apr 2019 14:07,US Open 9 Ball Championship 2019
101,Cheng-Chieh Liu,Chinese Taipei,1,11,Tommy Kennedy,United States,1,10,102,21.Apr 2019 14:10,US Open 9 Ball Championship 2019
102,Marc Vidal Claramunt,United States,0,9,Vilmos Földes,Hungary,0,11,103,21.Apr 2019 14:15,US Open 9 Ball Championship 2019
103,Billy Thorpe,United States,1,11,Max Reyes,United States,0,1,104,21.Apr 2019 14:20,US Open 9 Ball Championship 2019
104,Ben Crawley,Australia,3,5,Hu Dang Jin,China,0,11,105,21.Apr 2019 14:17,US Open 9 Ball Championship 2019
105,Jamie White,England,0,FF,Tony Chohan,United States,0,-,106,21.Apr 2019 14:30,US Open 9 Ball Championship 2019
106,Gabe Owen,United States,0,11,Gary Lutman,United States,0,1,107,21.Apr 2019 14:28,US Open 9 Ball Championship 2019
107,Robbie Capito,Hong Kong,2,9,Elliott Sanderson,United Kingdom,0,11,108,21.Apr 2019 14:29,US Open 9 Ball Championship 2019
108,Mark Showalter,United States,0,11,Warren Kiamco,Philippines,0,0,109,21.Apr 2019 14:40,US Open 9 Ball Championship 2019
109,Brendon Bekteshi,Albania,0,2,(Ryan) Hsu Jui-An,Chinese Taipei,0,11,110,21.Apr 2019 14:35,US Open 9 Ball Championship 2019
110,Melinda Huang,United States,0,3,Patrick Mennillo,Switzerland,0,11,111,21.Apr 2019 14:48,US Open 9 Ball Championship 2019
111,Ryo Yokawa,United States,0,11,Chris Melling,United Kingdom,6,10,112,21.Apr 2019 16:00,US Open 9 Ball Championship 2019
112,Molrudee Kasemchaiyanan,New Zealand,0,5,Ralf Souquet,Germany,4,11,113,21.Apr 2019 14:50,US Open 9 Ball Championship 2019
113,Seiji Kuwajima,Japan,0,5,Simon Pickering,Canada,0,11,114,21.Apr 2019 14:52,US Open 9 Ball Championship 2019
114,Pedro Botta,United States,0,2,Earl Strickland,United States,1,11,115,21.Apr 2019 14:48,US Open 9 Ball Championship 2019
115,Steve Lingelbach,United States,0,8,Dennis Hatch,United States,1,11,116,21.Apr 2019 14:46,US Open 9 Ball Championship 2019
116,Eugene Villena,United States,0,5,Donny Mills,United States,2,11,117,21.Apr 2019 14:53,US Open 9 Ball Championship 2019
117,Mark Foster,United Kingdom,0,8,Shaun Wilkie,United States,1,11,118,21.Apr 2019 14:54,US Open 9 Ball Championship 2019
118,Kim Laaksonen,Finland,2,9,Chris Alexander,Northern Ireland,1,11,119,21.Apr 2019 15:08,US Open 9 Ball Championship 2019
119,Albin Ouschan,Austria,1,11,Steven Lingafelter,United States,0,1,120,21.Apr 2019 15:05,US Open 9 Ball Championship 2019
120,Marco Spitzky,Germany,1,7,John Morra,Canada,4,11,121,21.Apr 2019 15:10,US Open 9 Ball Championship 2019
121,Adam Mscisz,Poland,0,7,Marlon Manalo,Philippines,1,11,122,21.Apr 2019 15:13,US Open 9 Ball Championship 2019
122,Alejandro Carvajal,Chile,0,11,Dustin Dixon,United States,0,0,123,21.Apr 2019 15:15,US Open 9 Ball Championship 2019
123,Johann Chua,Philippines,7,11,Philipps Yee,United States,0,0,124,21.Apr 2019 15:17,US Open 9 Ball Championship 2019
124,Chris McDaniel,United States,0,4,Mieszko Fortuński,Poland,1,11,125,21.Apr 2019 15:20,US Open 9 Ball Championship 2019
125,Robby Foldvari,Australia,0,9,YUKIO AKAGARIYAMA,Japan,3,11,126,21.Apr 2019 15:26,US Open 9 Ball Championship 2019
126,Manny Perez,United States,5,11,Nicolas Charette,Canada,0,1,127,21.Apr 2019 15:27,US Open 9 Ball Championship 2019
127,Abdullah Saeed O Alshammari,Saudi Arabia,1,4,Shane Van Boening,United States,2,11,128,21.Apr 2019 13:42,US Open 9 Ball Championship 2019
128,Tom Staveley,United Kingdom,3,5,Jayson Shaw,Scotland,3,11,129,21.Apr 2019 15:52,US Open 9 Ball Championship 2019
129,Radwan Jameel R Sorouji,Saudi Arabia,1,6,Hunter Lombardo,United States,0,11,130,21.Apr 2019 16:05,US Open 9 Ball Championship 2019
130,Marco Vignola,Italy,0,6,Alex Montpellier,France,0,11,131,21.Apr 2019 16:07,US Open 9 Ball Championship 2019
131,Martin Daigle,Canada,0,3,Corey Deuel,United States,0,11,132,21.Apr 2019 16:15,US Open 9 Ball Championship 2019
132,Peter Busarac,Germany,1,3,Petri Makkonen,Finland,1,11,133,21.Apr 2019 16:20,US Open 9 Ball Championship 2019
133,Franklin Hernandez,United States,1,4,Justin Bergman,United States,4,11,134,21.Apr 2019 16:18,US Open 9 Ball Championship 2019
134,James Aranas,Philippines,1,5,MASATO YOSHIOKA,Japan,4,11,135,21.Apr 2019 16:30,US Open 9 Ball Championship 2019
135,Stephen Folan,Canada,0,9,Toru Kurabayashi,Japan,0,11,136,21.Apr 2019 16:34,US Open 9 Ball Championship 2019
136,Paul Duell,Canada,0,3,Fedor Gorst,Russia,0,11,137,21.Apr 2019 16:35,US Open 9 Ball Championship 2019
137,Omar Al Shaheen,Kuwait,3,7,Mateusz Sniegocki,Poland,1,11,138,21.Apr 2019 16:35,US Open 9 Ball Championship 2019
138,Da-Li Lin,Chinese Taipei,0,9,Jeremy jones,United States,0,11,139,21.Apr 2019 16:32,US Open 9 Ball Championship 2019
139,Philipp Stojanovic,,0,9,Francisco Sanchez Ruiz,Spain,3,11,140,21.Apr 2019 16:40,US Open 9 Ball Championship 2019
140,(Kevin) Cheng Yu Hsuan,Chinese Taipei,1,9,Ivo Aarts,Netherlands,1,11,141,21.Apr 2019 16:39,US Open 9 Ball Championship 2019
141,Rodney Morris,United States,1,4,Radoslaw Babica,Poland,0,11,142,21.Apr 2019 16:35,US Open 9 Ball Championship 2019
142,Marc Bijsterbosch,Netherlands,4,9,Danny Olson,United States,2,11,143,21.Apr 2019 16:43,US Open 9 Ball Championship 2019
143,Bahram Lotfy,Denmark,0,3,Ko Pin-Yi (秉逸柯),Chinese Taipei,6,11,144,21.Apr 2019 16:50,US Open 9 Ball Championship 2019
144,Carlo Biado,Philippines,0,3,Kenichi Uchigaki,Japan,1,11,145,21.Apr 2019 16:44,US Open 9 Ball Championship 2019
145,Matt Edwards,New Zealand,1,11,Hideaki Arita,Japan,0,10,146,21.Apr 2019 16:45,US Open 9 Ball Championship 2019
146,Chris Robinson,United States,1,9,Jeffrey De Luna,Philippines,0,11,147,21.Apr 2019 17:00,US Open 9 Ball Championship 2019
147,Raymund Faraon,Philippines,0,5,Dennis Orcullo,Philippines,0,11,148,21.Apr 2019 16:58,US Open 9 Ball Championship 2019
148,David Alcaide Bermudez,Spain,0,6,Mitch Ellerman,United States,2,11,149,21.Apr 2019 17:37,US Open 9 Ball Championship 2019
149,Hoang Duong Quoc,Vietnam,1,4,Siming Chen,China,4,11,150,21.Apr 2019 17:13,US Open 9 Ball Championship 2019
150,Liu Haitao,China,3,11,John Schmidt,United States,0,0,151,21.Apr 2019 17:10,US Open 9 Ball Championship 2019
151,Eklent KaÇi,Albania,0,11,Justin Espinosa,United States,0,0,152,21.Apr 2019 16:51,US Open 9 Ball Championship 2019
152,Ko Ping-Chung,Chinese Taipei,3,11,Brian Sanders,United States,0,1,153,21.Apr 2019 17:15,US Open 9 Ball Championship 2019
153,Mike Dechaine,United States,1,9,Brandon Shuff,United States,2,11,154,21.Apr 2019 17:15,US Open 9 Ball Championship 2019
154,HAYATO HIJIKATA,Japan,1,8,Konrad Juszczyszyn,Poland,3,11,155,21.Apr 2019 17:25,US Open 9 Ball Championship 2019
155,Kenny Loftis,United States,0,4,Thorsten Hohmann,Germany,1,11,156,21.Apr 2019 17:37,US Open 9 Ball Championship 2019
156,Konrad Piekarski,Poland,3,9,Johnny Archer,United States,1,11,157,21.Apr 2019 17:38,US Open 9 Ball Championship 2019
157,Jani Siekkinen,Finland,0,5,Alex Pagulayan,Canada,0,11,158,21.Apr 2019 17:46,US Open 9 Ball Championship 2019
158,Ching-Shun Yang,Chinese Taipei,1,11,Sanjin Pehlivanovic,Bosnia and Herzegovina,0,10,159,21.Apr 2019 17:48,US Open 9 Ball Championship 2019
159,Alex Kazakis,Greece,0,11,Kings Santy,United States,0,1,160,21.Apr 2019 17:30,US Open 9 Ball Championship 2019
160,Joshua Filler,Germany,4,11,David Anderson,South Africa,0,1,161,21.Apr 2019 17:58,US Open 9 Ball Championship 2019
161,Roman Hybler,Germany,2,8,Jalal Yousef,Venezuela,5,11,162,21.Apr 2019 18:10,US Open 9 Ball Championship 2019
162,Kostas Koukiadakis,Greece,0,4,Jeffrey Ignacio,Philippines,0,11,163,21.Apr 2019 18:05,US Open 9 Ball Championship 2019
163,Mika Immonen,Finland,1,4,Kai Lun Hsu,Chinese Taipei,1,11,164,21.Apr 2019 18:11,US Open 9 Ball Championship 2019
164,Ernesto Dominguez,Mexico,0,3,Wu Kun Lin,Chinese Taipei,3,11,165,21.Apr 2019 18:15,US Open 9 Ball Championship 2019
165,Richard Halliday,South Africa,3,9,Darren Appleton,United Kingdom,1,11,166,21.Apr 2019 18:15,US Open 9 Ball Championship 2019
166,Josh Roberts,United States,3,11,Tyler Styer,United States,3,10,167,21.Apr 2019 18:25,US Open 9 Ball Championship 2019
167,Wu Jiaqing,China,3,11,Zachary Bos,United States,0,1,168,21.Apr 2019 18:29,US Open 9 Ball Championship 2019
168,Ronald Regli,Switzerland,1,7,Denis Grabe,Estonia,4,11,169,21.Apr 2019 18:32,US Open 9 Ball Championship 2019
169,Chang Yu-Lung,Chinese Taipei,7,11,Liu Ri Teng,Chinese Taipei,0,1,170,21.Apr 2019 18:30,US Open 9 Ball Championship 2019
170,Francisco Bustamante,Philippines,0,4,Wang Can,China,0,11,171,21.Apr 2019 18:34,US Open 9 Ball Championship 2019
171,Aloysius Yapp,Singapore,2,11,Max Eberle,United States,3,10,172,21.Apr 2019 18:40,US Open 9 Ball Championship 2019
172,Skyler Woodward,United States,0,8,Imran Majid,United Kingdom,0,11,173,21.Apr 2019 18:43,US Open 9 Ball Championship 2019
173,Ruslan Chinahov,Russia,3,7,Jason Theron,South Africa,1,11,174,21.Apr 2019 18:47,US Open 9 Ball Championship 2019
174,Marek Kudlik,Poland,0,3,Wojciech Szewczyk,Poland,1,11,175,21.Apr 2019 18:50,US Open 9 Ball Championship 2019
175,Paddy Mc Loughlin,Ireland,1,4,Niels Feijen,Netherlands,3,11,176,21.Apr 2019 18:50,US Open 9 Ball Championship 2019
176,Chang Jung-Lin,Chinese Taipei,5,11,Adam Lilley,New Zealand,0,1,177,21.Apr 2019 18:55,US Open 9 Ball Championship 2019
177,Nikolaos Malai,Greece,0,9,Tomasz Kaplan,Poland,0,11,178,21.Apr 2019 19:09,US Open 9 Ball Championship 2019
178,Mario He,Austria,4,6,Cheng-Chieh Liu,Chinese Taipei,5,11,179,21.Apr 2019 19:10,US Open 9 Ball Championship 2019
179,Vilmos Földes,Hungary,0,3,Billy Thorpe,United States,0,11,180,21.Apr 2019 19:00,US Open 9 Ball Championship 2019
180,Tony Chohan,United States,0,7,Hu Dang Jin,China,3,11,181,21.Apr 2019 19:05,US Open 9 Ball Championship 2019
181,Elliott Sanderson,United Kingdom,3,6,Gabe Owen,United States,0,11,182,21.Apr 2019 19:18,US Open 9 Ball Championship 2019
182,(Ryan) Hsu Jui-An,Chinese Taipei,4,11,Mark Showalter,United States,0,1,183,21.Apr 2019 19:20,US Open 9 Ball Championship 2019
183,Ryo Yokawa,United States,1,11,Patrick Mennillo,Switzerland,0,10,184,21.Apr 2019 19:10,US Open 9 Ball Championship 2019
184,Simon Pickering,Canada,0,2,Ralf Souquet,Germany,3,11,185,21.Apr 2019 19:15,US Open 9 Ball Championship 2019
185,Dennis Hatch,United States,0,11,Earl Strickland,United States,0,10,186,21.Apr 2019 20:31,US Open 9 Ball Championship 2019
186,Shaun Wilkie,United States,2,11,Donny Mills,United States,1,10,187,21.Apr 2019 19:33,US Open 9 Ball Championship 2019
187,Chris Alexander,Northern Ireland,0,11,Albin Ouschan,Austria,0,10,188,21.Apr 2019 19:36,US Open 9 Ball Championship 2019
188,Marlon Manalo,Philippines,0,4,John Morra,Canada,2,11,189,21.Apr 2019 19:25,US Open 9 Ball Championship 2019
189,Alejandro Carvajal,Chile,1,9,Johann Chua,Philippines,2,11,190,21.Apr 2019 19:38,US Open 9 Ball Championship 2019
190,Mieszko Fortuński,Poland,1,11,YUKIO AKAGARIYAMA,Japan,0,10,191,21.Apr 2019 19:44,US Open 9 Ball Championship 2019
191,Shane Van Boening,United States,1,11,Manny Perez,United States,0,1,192,21.Apr 2019 19:30,US Open 9 Ball Championship 2019
192,Marcus Westen,Germany,0,6,Jason Williams,United States,1,11,193,21.Apr 2019 19:46,US Open 9 Ball Championship 2019
193,Chad Rhodes,United States,0,4,Kosuke Tojo,Japan,1,11,194,21.Apr 2019 19:49,US Open 9 Ball Championship 2019
194,Jason Klatt,Canada,0,2,Naoyuki Oi,Japan,0,11,195,21.Apr 2019 19:50,US Open 9 Ball Championship 2019
195,Patrick Flemming,United States,0,8,Angelo Salzano,Italy,1,11,196,21.Apr 2019 20:05,US Open 9 Ball Championship 2019
196,Marcel Price,Wales,1,9,Amar Kang,United States,1,11,197,21.Apr 2019 19:58,US Open 9 Ball Championship 2019
197,Ellis Brown,United States,0,2,Paul Juarez,United States,1,11,198,21.Apr 2019 19:58,US Open 9 Ball Championship 2019
198,Roderick Malone,Bahamas,0,3,Erik  Hjorleifson,Canada,3,11,199,21.Apr 2019 20:17,US Open 9 Ball Championship 2019
199,Jochen Kluge,Germany,0,2,Jon Demet,United States,0,11,200,21.Apr 2019 20:15,US Open 9 Ball Championship 2019
200,Gary Onomura,United States,0,11,Stanley Walton,Cayman Islands,0,10,201,21.Apr 2019 20:20,US Open 9 Ball Championship 2019
201,Amer Al-Darbani,Saudi Arabia,0,9,Bradley Shearer,United States,1,11,202,21.Apr 2019 20:24,US Open 9 Ball Championship 2019
202,Fabio Rizzi,France,3,11,Jason Hitzfeld,United States,0,0,203,21.Apr 2019 20:32,US Open 9 Ball Championship 2019
203,Steve Van Ness,United States,0,9,Dalibor Nikolin,Serbia,1,11,204,21.Apr 2019 20:32,US Open 9 Ball Championship 2019
204,Christopher Lawson,United States,0,11,Mohammed Ali N Al Eid,Saudi Arabia,0,10,205,21.Apr 2019 20:30,US Open 9 Ball Championship 2019
205,Ken Kuwana,Japan,0,8,Deomark Alpajora,United States,2,11,206,21.Apr 2019 20:30,US Open 9 Ball Championship 2019
206,Gary Urinoski,United States,0,5,Ritchie Ogawa,Japan,0,11,207,21.Apr 2019 20:35,US Open 9 Ball Championship 2019
207,Toan Nguyen,New Zealand,0,8,Giuseppe Iacobucci,Italy,1,11,208,21.Apr 2019 20:35,US Open 9 Ball Championship 2019
208,Fahad Salem N Alharbi,Saudi Arabia,0,FF,Tyler Fleshman,United States,0,-,209,21.Apr 2019 20:40,US Open 9 Ball Championship 2019
209,Marco Penta,Switzerland,0,6,Maksim Dudanets,Russia,0,11,210,21.Apr 2019 20:42,US Open 9 Ball Championship 2019
210,Torsten Schmitt,Germany,1,7,Rob Hart,United States,3,11,211,21.Apr 2019 20:51,US Open 9 Ball Championship 2019
211,Yip Kin Ling Leo,Hong Kong,0,8,Marco Teutscher,Netherlands,0,11,212,21.Apr 2019 20:45,US Open 9 Ball Championship 2019
212,Jorg Kellner,Germany,0,3,Blake Baker,United States,0,11,213,21.Apr 2019 21:24,US Open 9 Ball Championship 2019
213,Mohamed Baabad,Saudi Arabia,0,FF,Jamal Oussi,Morocco,0,-,214,21.Apr 2019 20:50,US Open 9 Ball Championship 2019
214,Mike Stalk,United States,0,6,Patrick Griess,Germany,0,11,215,21.Apr 2019 20:55,US Open 9 Ball Championship 2019
215,Nguyen Phuc Long,Vietnam,0,11,Koh Yong Lee Randolph,Singapore,0,0,216,21.Apr 2019 20:55,US Open 9 Ball Championship 2019
216,Mahmut Sami Koylu,Turkey,1,8,Cole Gibbons,United States,1,11,217,21.Apr 2019 21:00,US Open 9 Ball Championship 2019
217,Michael Yednak,United States,0,11,Robert Hewings,United Kingdom,0,1,218,21.Apr 2019 21:32,US Open 9 Ball Championship 2019
218,Luis Guerrero,United States,0,5,John Chapman,England,0,11,219,21.Apr 2019 21:33,US Open 9 Ball Championship 2019
219,Walkover,United States,0,FF,Michael Hutcheson,United States,0,-,220,21.Apr 2019 21:05,US Open 9 Ball Championship 2019
220,Kurt Kobayashi,United States,0,3,Roberto Gomez,Philippines,0,11,221,21.Apr 2019 21:38,US Open 9 Ball Championship 2019
221,Damian Pongpanki,United States,0,9,Bora Anar,Switzerland,0,11,222,21.Apr 2019 21:42,US Open 9 Ball Championship 2019
222,Bryan Farah,Curacao,1,8,Milos Verkic,Serbia,0,11,223,21.Apr 2019 21:15,US Open 9 Ball Championship 2019
223,Michael DeLawder,United States,2,11,Jason McClain,United States,0,1,224,21.Apr 2019 21:15,US Open 9 Ball Championship 2019
224,Thomas Welle,Germany,0,6,Matt Krah,United States,0,11,225,21.Apr 2019 21:20,US Open 9 Ball Championship 2019
225,Henrik Larsson,Sweden,0,6,Tom Griffith,United States,0,11,226,21.Apr 2019 21:20,US Open 9 Ball Championship 2019
226,Lefteris Georgiou,Cyprus,0,11,James Davee,United States,0,10,227,21.Apr 2019 21:53,US Open 9 Ball Championship 2019
227,Adam King,United States,1,9,Ralph Eckert,Germany,3,11,228,21.Apr 2019 21:25,US Open 9 Ball Championship 2019
228,Kang Lee,United States,0,8,Kuo Szu-Ting,Chinese Taipei,1,11,229,21.Apr 2019 21:30,US Open 9 Ball Championship 2019
229,Walk Over,United States,0,FF,Patrick Holtz,Scotland,0,-,230,21.Apr 2019 21:30,US Open 9 Ball Championship 2019
230,Kelii Chuberko,United States,0,5,Che-Wei Fu,Chinese Taipei,2,11,231,22.Apr 2019 09:00,US Open 9 Ball Championship 2019
231,Johann Dominik Huber,Germany,2,9,John Barton,United States,3,11,232,22.Apr 2019 08:56,US Open 9 Ball Championship 2019
232,Jeffrey Jimenez,United States,0,3,Lee Heuwagen,United States,0,11,233,22.Apr 2019 08:56,US Open 9 Ball Championship 2019
233,Arnar Petersen,Iceland,0,4,Gwyn Spooner,Germany,0,11,234,22.Apr 2019 08:56,US Open 9 Ball Championship 2019
234,Dejan Sipkovski,Macedonia (FYROM),2,11,Johno McDowell Pakieto,Niue,1,10,235,22.Apr 2019 08:56,US Open 9 Ball Championship 2019
235,Robert Goddard,United States,1,4,Nick de Leon,United States,2,11,236,22.Apr 2019 08:56,US Open 9 Ball Championship 2019
236,Luu Minh Phuc,Vietnam,1,5,Stephen Holem,Canada,2,11,237,22.Apr 2019 08:56,US Open 9 Ball Championship 2019
237,Katsuyuki Yamamoto,Japan,0,2,Stan Tourangeau,Canada,1,11,238,22.Apr 2019 08:56,US Open 9 Ball Championship 2019
238,Renato Camantigue,United States,0,4,James Adams,United States,1,11,239,22.Apr 2019 08:56,US Open 9 Ball Championship 2019
239,Clint Palaci,United States,1,7,Brian Parks,United States,0,11,240,22.Apr 2019 09:00,US Open 9 Ball Championship 2019
240,John Moody Sr,United States,0,11,Roland Stock,United States,0,10,241,22.Apr 2019 09:00,US Open 9 Ball Championship 2019
241,Francesco Candela,Italy,0,8,Dimitri Jungo,Switzerland,0,11,242,22.Apr 2019 09:00,US Open 9 Ball Championship 2019
242,Michael Pruitt,United States,0,3,Tommy Kennedy,United States,0,11,243,22.Apr 2019 09:00,US Open 9 Ball Championship 2019
243,Max Reyes,United States,0,5,Marc Vidal Claramunt,United States,1,11,244,22.Apr 2019 09:00,US Open 9 Ball Championship 2019
244,Ben Crawley,Australia,0,11,Jamie White,England,0,10,245,22.Apr 2019 08:57,US Open 9 Ball Championship 2019
245,Gary Lutman,United States,0,3,Robbie Capito,Hong Kong,0,11,246,22.Apr 2019 08:57,US Open 9 Ball Championship 2019
246,Warren Kiamco,Philippines,2,11,Brendon Bekteshi,Albania,0,1,247,22.Apr 2019 08:57,US Open 9 Ball Championship 2019
247,Chris Melling,United Kingdom,3,11,Melinda Huang,United States,0,0,248,22.Apr 2019 08:57,US Open 9 Ball Championship 2019
248,Molrudee Kasemchaiyanan,New Zealand,0,7,Seiji Kuwajima,Japan,0,11,249,22.Apr 2019 08:57,US Open 9 Ball Championship 2019
249,Pedro Botta,United States,0,11,Steve Lingelbach,United States,0,10,250,22.Apr 2019 08:57,US Open 9 Ball Championship 2019
250,Eugene Villena,United States,2,7,Mark Foster,United Kingdom,2,11,251,22.Apr 2019 09:00,US Open 9 Ball Championship 2019
251,Steven Lingafelter,United States,0,2,Kim Laaksonen,Finland,0,11,252,22.Apr 2019 09:00,US Open 9 Ball Championship 2019
252,Adam Mscisz,Poland,0,5,Marco Spitzky,Germany,0,11,253,22.Apr 2019 09:00,US Open 9 Ball Championship 2019
253,Philipps Yee,United States,0,11,Dustin Dixon,United States,0,0,254,22.Apr 2019 09:00,US Open 9 Ball Championship 2019
254,Chris McDaniel,United States,0,6,Robby Foldvari,Australia,2,11,255,22.Apr 2019 09:00,US Open 9 Ball Championship 2019
255,Abdullah Saeed O Alshammari,Saudi Arabia,0,5,Nicolas Charette,Canada,3,11,256,22.Apr 2019 08:57,US Open 9 Ball Championship 2019
256,Jason Williams,United States,2,8,Manny Perez,United States,3,11,257,22.Apr 2019 08:57,US Open 9 Ball Championship 2019
257,Kosuke Tojo,Japan,0,5,YUKIO AKAGARIYAMA,Japan,0,11,258,22.Apr 2019 08:57,US Open 9 Ball Championship 2019
258,Alejandro Carvajal,Chile,0,6,Naoyuki Oi,Japan,0,11,259,22.Apr 2019 08:57,US Open 9 Ball Championship 2019
259,Angelo Salzano,Italy,1,3,Marlon Manalo,Philippines,0,11,260,22.Apr 2019 08:57,US Open 9 Ball Championship 2019
260,Amar Kang,United States,3,6,Albin Ouschan,Austria,3,11,261,22.Apr 2019 08:57,US Open 9 Ball Championship 2019
261,Paul Juarez,United States,0,2,Donny Mills,United States,2,11,262,22.Apr 2019 08:57,US Open 9 Ball Championship 2019
262,Erik  Hjorleifson,Canada,0,11,Earl Strickland,United States,0,10,263,22.Apr 2019 08:57,US Open 9 Ball Championship 2019
263,Jon Demet,United States,0,7,Simon Pickering,Canada,0,11,264,22.Apr 2019 10:08,US Open 9 Ball Championship 2019
264,Gary Onomura,United States,0,2,Patrick Mennillo,Switzerland,1,11,265,22.Apr 2019 10:10,US Open 9 Ball Championship 2019
265,Mark Showalter,United States,0,2,Bradley Shearer,United States,0,11,266,22.Apr 2019 10:12,US Open 9 Ball Championship 2019
266,Elliott Sanderson,United Kingdom,0,8,Fabio Rizzi,France,1,11,267,22.Apr 2019 10:17,US Open 9 Ball Championship 2019
267,Dalibor Nikolin,Serbia,0,5,Tony Chohan,United States,0,11,268,22.Apr 2019 10:19,US Open 9 Ball Championship 2019
268,Christopher Lawson,United States,0,4,Vilmos Földes,Hungary,0,11,269,22.Apr 2019 10:25,US Open 9 Ball Championship 2019
269,Deomark Alpajora,United States,0,2,Mario He,Austria,0,11,270,22.Apr 2019 10:24,US Open 9 Ball Championship 2019
270,Ritchie Ogawa,Japan,0,8,Nikolaos Malai,Greece,1,11,271,22.Apr 2019 10:30,US Open 9 Ball Championship 2019
271,Giuseppe Iacobucci,Italy,0,7,Adam Lilley,New Zealand,0,11,272,22.Apr 2019 10:26,US Open 9 Ball Championship 2019
272,Tyler Fleshman,United States,0,8,Paddy Mc Loughlin,Ireland,1,11,273,22.Apr 2019 10:35,US Open 9 Ball Championship 2019
273,Maksim Dudanets,Russia,0,3,Marek Kudlik,Poland,0,11,274,22.Apr 2019 10:33,US Open 9 Ball Championship 2019
274,Rob Hart,United States,0,4,Ruslan Chinahov,Russia,5,11,275,22.Apr 2019 10:40,US Open 9 Ball Championship 2019
275,Skyler Woodward,United States,1,5,Marco Teutscher,Netherlands,2,11,276,22.Apr 2019 10:40,US Open 9 Ball Championship 2019
276,Blake Baker,United States,0,6,Max Eberle,United States,0,11,277,22.Apr 2019 10:45,US Open 9 Ball Championship 2019
277,Jamal Oussi,Morocco,0,3,Francisco Bustamante,Philippines,0,11,278,22.Apr 2019 10:39,US Open 9 Ball Championship 2019
278,Patrick Griess,Germany,0,3,Liu Ri Teng,Chinese Taipei,2,11,279,22.Apr 2019 10:50,US Open 9 Ball Championship 2019
279,Nguyen Phuc Long,Vietnam,0,4,Ronald Regli,Switzerland,2,11,280,22.Apr 2019 10:52,US Open 9 Ball Championship 2019
280,Cole Gibbons,United States,0,7,Zachary Bos,United States,0,11,281,22.Apr 2019 10:55,US Open 9 Ball Championship 2019
281,Tyler Styer,United States,1,11,Michael Yednak,United States,0,1,282,22.Apr 2019 10:52,US Open 9 Ball Championship 2019
282,John Chapman,England,1,3,Richard Halliday,South Africa,0,11,283,22.Apr 2019 11:09,US Open 9 Ball Championship 2019
283,Michael Hutcheson,United States,0,8,Ernesto Dominguez,Mexico,1,11,284,22.Apr 2019 11:00,US Open 9 Ball Championship 2019
284,Roberto Gomez,Philippines,1,9,Mika Immonen,Finland,3,11,285,22.Apr 2019 11:09,US Open 9 Ball Championship 2019
285,Bora Anar,Switzerland,0,6,Kostas Koukiadakis,Greece,0,11,286,22.Apr 2019 11:09,US Open 9 Ball Championship 2019
286,Milos Verkic,Serbia,1,6,Roman Hybler,Germany,3,11,287,22.Apr 2019 11:14,US Open 9 Ball Championship 2019
287,Michael DeLawder,United States,1,5,David Anderson,South Africa,2,11,288,22.Apr 2019 11:14,US Open 9 Ball Championship 2019
288,Matt Krah,United States,0,11,Kings Santy,United States,0,10,289,22.Apr 2019 11:15,US Open 9 Ball Championship 2019
289,Tom Griffith,United States,0,2,Sanjin Pehlivanovic,Bosnia and Herzegovina,4,11,290,22.Apr 2019 11:21,US Open 9 Ball Championship 2019
290,Lefteris Georgiou,Cyprus,4,11,Jani Siekkinen,Finland,0,10,291,22.Apr 2019 11:22,US Open 9 Ball Championship 2019
291,Ralph Eckert,Germany,1,9,Konrad Piekarski,Poland,2,11,292,22.Apr 2019 11:26,US Open 9 Ball Championship 2019
292,Kuo Szu-Ting,Chinese Taipei,1,11,Kenny Loftis,United States,1,10,293,22.Apr 2019 11:32,US Open 9 Ball Championship 2019
293,HAYATO HIJIKATA,Japan,1,8,Patrick Holtz,Scotland,1,11,294,22.Apr 2019 11:27,US Open 9 Ball Championship 2019
294,Mike Dechaine,United States,2,6,Che-Wei Fu,Chinese Taipei,5,11,295,22.Apr 2019 12:00,US Open 9 Ball Championship 2019
295,John Barton,United States,0,5,Brian Sanders,United States,0,11,296,22.Apr 2019 12:00,US Open 9 Ball Championship 2019
296,Justin Espinosa,United States,0,9,Lee Heuwagen,United States,0,11,297,22.Apr 2019 12:00,US Open 9 Ball Championship 2019
297,Gwyn Spooner,Germany,0,9,John Schmidt,United States,0,11,298,22.Apr 2019 12:05,US Open 9 Ball Championship 2019
298,Hoang Duong Quoc,Vietnam,2,11,Dejan Sipkovski,Macedonia (FYROM),0,1,299,22.Apr 2019 12:06,US Open 9 Ball Championship 2019
299,David Alcaide Bermudez,Spain,5,11,Nick de Leon,United States,0,1,300,22.Apr 2019 12:15,US Open 9 Ball Championship 2019
300,Stephen Holem,Canada,0,5,Raymund Faraon,Philippines,3,11,301,22.Apr 2019 12:20,US Open 9 Ball Championship 2019
301,Stan Tourangeau,Canada,0,6,Chris Robinson,United States,1,11,302,22.Apr 2019 12:23,US Open 9 Ball Championship 2019
302,Hideaki Arita,Japan,1,5,James Adams,United States,4,11,303,22.Apr 2019 12:30,US Open 9 Ball Championship 2019
303,Brian Parks,United States,1,8,Carlo Biado,Philippines,2,11,304,22.Apr 2019 12:45,US Open 9 Ball Championship 2019
304,John Moody Sr,United States,0,2,Bahram Lotfy,Denmark,2,11,305,22.Apr 2019 12:25,US Open 9 Ball Championship 2019
305,Marc Bijsterbosch,Netherlands,0,5,Dimitri Jungo,Switzerland,1,11,306,22.Apr 2019 12:35,US Open 9 Ball Championship 2019
306,Rodney Morris,United States,2,11,Tommy Kennedy,United States,0,10,307,22.Apr 2019 12:40,US Open 9 Ball Championship 2019
307,Marc Vidal Claramunt,United States,1,6,(Kevin) Cheng Yu Hsuan,Chinese Taipei,2,11,308,22.Apr 2019 12:40,US Open 9 Ball Championship 2019
308,Ben Crawley,Australia,0,6,Philipp Stojanovic,,1,11,309,22.Apr 2019 12:45,US Open 9 Ball Championship 2019
309,Robbie Capito,Hong Kong,0,7,Da-Li Lin,Chinese Taipei,0,11,310,22.Apr 2019 12:45,US Open 9 Ball Championship 2019
310,Omar Al Shaheen,Kuwait,0,11,Warren Kiamco,Philippines,0,10,311,22.Apr 2019 12:50,US Open 9 Ball Championship 2019
311,Paul Duell,Canada,1,3,Chris Melling,United Kingdom,1,11,312,22.Apr 2019 12:50,US Open 9 Ball Championship 2019
312,Seiji Kuwajima,Japan,0,7,Stephen Folan,Canada,0,11,313,22.Apr 2019 12:58,US Open 9 Ball Championship 2019
313,James Aranas,Philippines,2,11,Pedro Botta,United States,2,10,314,22.Apr 2019 12:55,US Open 9 Ball Championship 2019
314,Mark Foster,United Kingdom,0,5,Franklin Hernandez,United States,2,11,315,22.Apr 2019 13:00,US Open 9 Ball Championship 2019
315,Peter Busarac,Germany,0,5,Kim Laaksonen,Finland,1,11,316,22.Apr 2019 13:00,US Open 9 Ball Championship 2019
316,Martin Daigle,Canada,0,9,Marco Spitzky,Germany,0,11,317,22.Apr 2019 13:05,US Open 9 Ball Championship 2019
317,Marco Vignola,Italy,0,3,Philipps Yee,United States,0,11,318,22.Apr 2019 13:05,US Open 9 Ball Championship 2019
318,Robby Foldvari,Australia,2,11,Radwan Jameel R Sorouji,Saudi Arabia,0,10,319,22.Apr 2019 13:10,US Open 9 Ball Championship 2019
319,Nicolas Charette,Canada,0,11,Tom Staveley,United Kingdom,2,10,320,22.Apr 2019 13:10,US Open 9 Ball Championship 2019
320,Hunter Lombardo,United States,0,7,Jayson Shaw,Scotland,4,11,321,22.Apr 2019 13:20,US Open 9 Ball Championship 2019
321,Alex Montpellier,France,0,8,Corey Deuel,United States,1,11,322,22.Apr 2019 13:20,US Open 9 Ball Championship 2019
322,Justin Bergman,United States,1,5,Petri Makkonen,Finland,2,11,323,22.Apr 2019 13:25,US Open 9 Ball Championship 2019
323,Toru Kurabayashi,Japan,3,11,MASATO YOSHIOKA,Japan,2,10,324,22.Apr 2019 13:25,US Open 9 Ball Championship 2019
324,Fedor Gorst,Russia,6,9,Mateusz Sniegocki,Poland,5,11,325,22.Apr 2019 13:43,US Open 9 Ball Championship 2019
325,Jeremy jones,United States,3,5,Francisco Sanchez Ruiz,Spain,3,11,326,22.Apr 2019 13:30,US Open 9 Ball Championship 2019
326,Radoslaw Babica,Poland,1,5,Ivo Aarts,Netherlands,1,11,327,22.Apr 2019 13:35,US Open 9 Ball Championship 2019
327,Danny Olson,United States,0,5,Ko Pin-Yi (秉逸柯),Chinese Taipei,7,11,328,22.Apr 2019 13:35,US Open 9 Ball Championship 2019
328,Matt Edwards,New Zealand,2,7,Kenichi Uchigaki,Japan,5,11,329,22.Apr 2019 13:40,US Open 9 Ball Championship 2019
329,Jeffrey De Luna,Philippines,2,11,Dennis Orcullo,Philippines,3,10,330,22.Apr 2019 14:00,US Open 9 Ball Championship 2019
330,Mitch Ellerman,United States,0,3,Siming Chen,China,3,11,331,22.Apr 2019 14:05,US Open 9 Ball Championship 2019
331,Liu Haitao,China,1,11,Eklent KaÇi,Albania,2,10,332,22.Apr 2019 14:10,US Open 9 Ball Championship 2019
332,Brandon Shuff,United States,0,7,Ko Ping-Chung,Chinese Taipei,0,11,333,22.Apr 2019 14:15,US Open 9 Ball Championship 2019
333,Konrad Juszczyszyn,Poland,1,7,Thorsten Hohmann,Germany,1,11,334,22.Apr 2019 14:20,US Open 9 Ball Championship 2019
334,Johnny Archer,United States,0,9,Alex Pagulayan,Canada,0,11,335,22.Apr 2019 14:25,US Open 9 Ball Championship 2019
335,Alex Kazakis,Greece,2,8,Ching-Shun Yang,Chinese Taipei,4,11,336,22.Apr 2019 14:30,US Open 9 Ball Championship 2019
336,Jalal Yousef,Venezuela,1,8,Joshua Filler,Germany,3,11,337,22.Apr 2019 14:35,US Open 9 Ball Championship 2019
337,Jeffrey Ignacio,Philippines,1,8,Kai Lun Hsu,Chinese Taipei,2,11,338,22.Apr 2019 14:35,US Open 9 Ball Championship 2019
338,Wu Kun Lin,Chinese Taipei,0,6,Darren Appleton,United Kingdom,0,11,339,22.Apr 2019 14:38,US Open 9 Ball Championship 2019
339,Josh Roberts,United States,0,3,Wu Jiaqing,China,1,11,340,22.Apr 2019 14:40,US Open 9 Ball Championship 2019
340,Denis Grabe,Estonia,0,8,Chang Yu-Lung,Chinese Taipei,0,11,341,22.Apr 2019 14:45,US Open 9 Ball Championship 2019
341,Wang Can,China,0,7,Aloysius Yapp,Singapore,0,11,342,22.Apr 2019 14:45,US Open 9 Ball Championship 2019
342,Jason Theron,South Africa,3,8,Imran Majid,United Kingdom,2,11,343,22.Apr 2019 14:50,US Open 9 Ball Championship 2019
343,Wojciech Szewczyk,Poland,0,7,Niels Feijen,Netherlands,0,11,344,22.Apr 2019 14:50,US Open 9 Ball Championship 2019
344,Tomasz Kaplan,Poland,0,4,Chang Jung-Lin,Chinese Taipei,2,11,345,22.Apr 2019 15:03,US Open 9 Ball Championship 2019
345,Cheng-Chieh Liu,Chinese Taipei,2,8,Billy Thorpe,United States,2,11,346,22.Apr 2019 15:05,US Open 9 Ball Championship 2019
346,Gabe Owen,United States,2,5,Hu Dang Jin,China,5,11,347,22.Apr 2019 15:05,US Open 9 Ball Championship 2019
347,Ryo Yokawa,United States,0,2,(Ryan) Hsu Jui-An,Chinese Taipei,5,11,348,22.Apr 2019 15:00,US Open 9 Ball Championship 2019
348,Ralf Souquet,Germany,0,6,Dennis Hatch,United States,2,11,349,22.Apr 2019 15:05,US Open 9 Ball Championship 2019
349,Shaun Wilkie,United States,2,7,Chris Alexander,Northern Ireland,2,11,350,22.Apr 2019 15:05,US Open 9 Ball Championship 2019
350,John Morra,Canada,1,7,Johann Chua,Philippines,1,11,351,22.Apr 2019 15:22,US Open 9 Ball Championship 2019
351,Mieszko Fortuński,Poland,1,8,Shane Van Boening,United States,3,11,352,22.Apr 2019 15:10,US Open 9 Ball Championship 2019
352,Manny Perez,United States,4,11,YUKIO AKAGARIYAMA,Japan,2,10,353,22.Apr 2019 15:15,US Open 9 Ball Championship 2019
353,Marlon Manalo,Philippines,0,2,Naoyuki Oi,Japan,6,11,354,22.Apr 2019 15:15,US Open 9 Ball Championship 2019
354,Donny Mills,United States,0,3,Albin Ouschan,Austria,0,11,355,22.Apr 2019 15:20,US Open 9 Ball Championship 2019
355,Simon Pickering,Canada,0,3,Erik  Hjorleifson,Canada,2,11,356,22.Apr 2019 15:46,US Open 9 Ball Championship 2019
356,Bradley Shearer,United States,1,7,Patrick Mennillo,Switzerland,3,11,357,22.Apr 2019 15:25,US Open 9 Ball Championship 2019
357,Fabio Rizzi,France,4,11,Tony Chohan,United States,0,0,358,22.Apr 2019 15:58,US Open 9 Ball Championship 2019
358,Mario He,Austria,3,7,Vilmos Földes,Hungary,2,11,359,22.Apr 2019 15:30,US Open 9 Ball Championship 2019
359,Adam Lilley,New Zealand,1,6,Nikolaos Malai,Greece,2,11,360,22.Apr 2019 15:30,US Open 9 Ball Championship 2019
360,Marek Kudlik,Poland,2,11,Paddy Mc Loughlin,Ireland,5,10,361,22.Apr 2019 15:35,US Open 9 Ball Championship 2019
361,Marco Teutscher,Netherlands,2,11,Ruslan Chinahov,Russia,4,10,362,22.Apr 2019 15:35,US Open 9 Ball Championship 2019
362,Max Eberle,United States,0,3,Francisco Bustamante,Philippines,0,11,363,22.Apr 2019 16:22,US Open 9 Ball Championship 2019
363,Ronald Regli,Switzerland,2,11,Liu Ri Teng,Chinese Taipei,1,10,364,22.Apr 2019 16:25,US Open 9 Ball Championship 2019
364,Zachary Bos,United States,0,2,Tyler Styer,United States,0,11,365,22.Apr 2019 16:37,US Open 9 Ball Championship 2019
365,Ernesto Dominguez,Mexico,0,11,Richard Halliday,South Africa,1,10,366,22.Apr 2019 16:40,US Open 9 Ball Championship 2019
366,Kostas Koukiadakis,Greece,0,6,Mika Immonen,Finland,4,11,367,22.Apr 2019 16:20,US Open 9 Ball Championship 2019
367,David Anderson,South Africa,3,8,Roman Hybler,Germany,3,11,368,22.Apr 2019 16:25,US Open 9 Ball Championship 2019
368,Matt Krah,United States,0,4,Sanjin Pehlivanovic,Bosnia and Herzegovina,6,11,369,22.Apr 2019 16:30,US Open 9 Ball Championship 2019
369,Lefteris Georgiou,Cyprus,0,9,Konrad Piekarski,Poland,0,11,370,22.Apr 2019 16:30,US Open 9 Ball Championship 2019
370,Kuo Szu-Ting,Chinese Taipei,0,6,Patrick Holtz,Scotland,0,11,371,22.Apr 2019 16:35,US Open 9 Ball Championship 2019
371,Brian Sanders,United States,0,6,Che-Wei Fu,Chinese Taipei,4,11,372,22.Apr 2019 17:00,US Open 9 Ball Championship 2019
372,Lee Heuwagen,United States,0,11,John Schmidt,United States,0,0,373,22.Apr 2019 16:40,US Open 9 Ball Championship 2019
373,Hoang Duong Quoc,Vietnam,0,2,David Alcaide Bermudez,Spain,0,11,374,22.Apr 2019 16:40,US Open 9 Ball Championship 2019
374,Chris Robinson,United States,1,6,Raymund Faraon,Philippines,0,11,375,22.Apr 2019 16:45,US Open 9 Ball Championship 2019
375,Carlo Biado,Philippines,1,11,James Adams,United States,0,1,376,22.Apr 2019 16:45,US Open 9 Ball Championship 2019
376,Dimitri Jungo,Switzerland,0,7,Bahram Lotfy,Denmark,0,11,377,22.Apr 2019 16:50,US Open 9 Ball Championship 2019
377,Rodney Morris,United States,1,5,(Kevin) Cheng Yu Hsuan,Chinese Taipei,0,11,378,22.Apr 2019 16:47,US Open 9 Ball Championship 2019
378,Philipp Stojanovic,,0,6,Da-Li Lin,Chinese Taipei,0,11,379,22.Apr 2019 16:55,US Open 9 Ball Championship 2019
379,Omar Al Shaheen,Kuwait,1,5,Chris Melling,United Kingdom,6,11,380,22.Apr 2019 17:17,US Open 9 Ball Championship 2019
380,Stephen Folan,Canada,0,2,James Aranas,Philippines,0,11,381,22.Apr 2019 17:00,US Open 9 Ball Championship 2019
381,Franklin Hernandez,United States,1,9,Kim Laaksonen,Finland,3,11,382,22.Apr 2019 17:22,US Open 9 Ball Championship 2019
382,Philipps Yee,United States,0,7,Marco Spitzky,Germany,2,11,383,22.Apr 2019 17:05,US Open 9 Ball Championship 2019
383,Robby Foldvari,Australia,0,6,Nicolas Charette,Canada,1,11,384,22.Apr 2019 17:05,US Open 9 Ball Championship 2019
384,Manny Perez,United States,1,3,Alex Kazakis,Greece,5,11,385,22.Apr 2019 18:15,US Open 9 Ball Championship 2019
385,Johnny Archer,United States,0,5,Naoyuki Oi,Japan,4,11,386,22.Apr 2019 18:00,US Open 9 Ball Championship 2019
386,Konrad Juszczyszyn,Poland,2,6,Albin Ouschan,Austria,0,11,387,22.Apr 2019 18:05,US Open 9 Ball Championship 2019
387,Brandon Shuff,United States,0,5,Erik  Hjorleifson,Canada,-2,11,388,22.Apr 2019 18:03,US Open 9 Ball Championship 2019
388,Patrick Mennillo,Switzerland,1,2,Eklent KaÇi,Albania,3,11,389,22.Apr 2019 18:20,US Open 9 Ball Championship 2019
389,Fabio Rizzi,France,0,6,Mitch Ellerman,United States,0,11,390,22.Apr 2019 18:10,US Open 9 Ball Championship 2019
390,Vilmos Földes,Hungary,3,6,Dennis Orcullo,Philippines,7,11,391,22.Apr 2019 18:35,US Open 9 Ball Championship 2019
391,Matt Edwards,New Zealand,0,3,Nikolaos Malai,Greece,0,11,392,22.Apr 2019 18:15,US Open 9 Ball Championship 2019
392,Danny Olson,United States,1,7,Marek Kudlik,Poland,3,11,393,22.Apr 2019 18:20,US Open 9 Ball Championship 2019
393,Radoslaw Babica,Poland,0,8,Marco Teutscher,Netherlands,0,11,394,22.Apr 2019 18:20,US Open 9 Ball Championship 2019
394,Jeremy jones,United States,2,8,Francisco Bustamante,Philippines,2,11,395,22.Apr 2019 18:45,US Open 9 Ball Championship 2019
395,Fedor Gorst,Russia,2,7,Ronald Regli,Switzerland,6,11,396,22.Apr 2019 18:50,US Open 9 Ball Championship 2019
396,MASATO YOSHIOKA,Japan,0,9,Tyler Styer,United States,0,11,397,22.Apr 2019 18:55,US Open 9 Ball Championship 2019
397,Ernesto Dominguez,Mexico,0,6,Justin Bergman,United States,1,11,398,22.Apr 2019 19:17,US Open 9 Ball Championship 2019
398,Alex Montpellier,France,1,8,Mika Immonen,Finland,0,11,399,22.Apr 2019 19:04,US Open 9 Ball Championship 2019
399,Hunter Lombardo,United States,2,8,Roman Hybler,Germany,4,11,400,22.Apr 2019 19:21,US Open 9 Ball Championship 2019
400,Sanjin Pehlivanovic,Bosnia and Herzegovina,2,8,Mieszko Fortuński,Poland,3,11,401,22.Apr 2019 19:15,US Open 9 Ball Championship 2019
401,Konrad Piekarski,Poland,5,11,John Morra,Canada,0,1,402,22.Apr 2019 19:15,US Open 9 Ball Championship 2019
402,Patrick Holtz,Scotland,0,7,Shaun Wilkie,United States,0,11,403,22.Apr 2019 19:43,US Open 9 Ball Championship 2019
403,Che-Wei Fu,Chinese Taipei,1,9,Ralf Souquet,Germany,2,11,404,22.Apr 2019 19:20,US Open 9 Ball Championship 2019
404,Lee Heuwagen,United States,0,11,Ryo Yokawa,United States,0,10,405,22.Apr 2019 19:25,US Open 9 Ball Championship 2019
405,Gabe Owen,United States,0,6,David Alcaide Bermudez,Spain,0,11,406,22.Apr 2019 19:25,US Open 9 Ball Championship 2019
406,Raymund Faraon,Philippines,1,4,Cheng-Chieh Liu,Chinese Taipei,5,11,407,22.Apr 2019 19:35,US Open 9 Ball Championship 2019
407,Carlo Biado,Philippines,0,7,Tomasz Kaplan,Poland,0,11,408,22.Apr 2019 19:45,US Open 9 Ball Championship 2019
408,Bahram Lotfy,Denmark,0,4,Wojciech Szewczyk,Poland,2,11,409,22.Apr 2019 19:35,US Open 9 Ball Championship 2019
409,(Kevin) Cheng Yu Hsuan,Chinese Taipei,6,11,Jason Theron,South Africa,0,1,410,22.Apr 2019 19:46,US Open 9 Ball Championship 2019
410,Da-Li Lin,Chinese Taipei,3,8,Wang Can,China,3,11,411,22.Apr 2019 19:40,US Open 9 Ball Championship 2019
411,Denis Grabe,Estonia,3,11,Chris Melling,United Kingdom,3,10,412,22.Apr 2019 19:40,US Open 9 Ball Championship 2019
412,Josh Roberts,United States,3,8,James Aranas,Philippines,3,11,413,22.Apr 2019 19:45,US Open 9 Ball Championship 2019
413,Wu Kun Lin,Chinese Taipei,0,7,Kim Laaksonen,Finland,1,11,414,22.Apr 2019 19:45,US Open 9 Ball Championship 2019
414,Marco Spitzky,Germany,0,9,Jeffrey Ignacio,Philippines,0,11,415,22.Apr 2019 20:03,US Open 9 Ball Championship 2019
415,Jalal Yousef,Venezuela,2,7,Nicolas Charette,Canada,3,11,416,22.Apr 2019 20:27,US Open 9 Ball Championship 2019
416,Jayson Shaw,Scotland,8,11,Corey Deuel,United States,0,1,417,22.Apr 2019 20:15,US Open 9 Ball Championship 2019
417,Toru Kurabayashi,Japan,1,5,Petri Makkonen,Finland,3,11,418,22.Apr 2019 20:20,US Open 9 Ball Championship 2019
418,Mateusz Sniegocki,Poland,1,7,Francisco Sanchez Ruiz,Spain,5,11,419,22.Apr 2019 20:25,US Open 9 Ball Championship 2019
419,Ivo Aarts,Netherlands,0,3,Ko Pin-Yi (秉逸柯),Chinese Taipei,5,11,420,22.Apr 2019 20:30,US Open 9 Ball Championship 2019
420,Kenichi Uchigaki,Japan,2,3,Jeffrey De Luna,Philippines,5,11,421,22.Apr 2019 20:34,US Open 9 Ball Championship 2019
421,Siming Chen,China,3,6,Liu Haitao,China,2,11,422,22.Apr 2019 20:40,US Open 9 Ball Championship 2019
422,Ko Ping-Chung,Chinese Taipei,0,11,Thorsten Hohmann,Germany,3,10,423,22.Apr 2019 20:42,US Open 9 Ball Championship 2019
423,Ching-Shun Yang,Chinese Taipei,2,6,Alex Pagulayan,Canada,5,11,424,22.Apr 2019 20:45,US Open 9 Ball Championship 2019
424,Joshua Filler,Germany,1,8,Kai Lun Hsu,Chinese Taipei,5,11,425,22.Apr 2019 20:48,US Open 9 Ball Championship 2019
425,Darren Appleton,United Kingdom,0,2,Wu Jiaqing,China,3,11,426,22.Apr 2019 20:50,US Open 9 Ball Championship 2019
426,Aloysius Yapp,Singapore,1,5,Chang Yu-Lung,Chinese Taipei,6,11,427,22.Apr 2019 21:01,US Open 9 Ball Championship 2019
427,Niels Feijen,Netherlands,4,8,Imran Majid,United Kingdom,3,11,428,22.Apr 2019 21:00,US Open 9 Ball Championship 2019
428,Chang Jung-Lin,Chinese Taipei,3,9,Billy Thorpe,United States,5,11,429,22.Apr 2019 21:05,US Open 9 Ball Championship 2019
429,Hu Dang Jin,China,0,6,(Ryan) Hsu Jui-An,Chinese Taipei,5,11,430,22.Apr 2019 21:27,US Open 9 Ball Championship 2019
430,Chris Alexander,Northern Ireland,2,2,Dennis Hatch,United States,2,11,431,22.Apr 2019 21:28,US Open 9 Ball Championship 2019
431,Johann Chua,Philippines,1,2,Shane Van Boening,United States,3,11,432,22.Apr 2019 21:20,US Open 9 Ball Championship 2019
432,Naoyuki Oi,Japan,0,6,Alex Kazakis,Greece,5,11,433,23.Apr 2019 09:00,US Open 9 Ball Championship 2019
433,Erik  Hjorleifson,Canada,0,4,Albin Ouschan,Austria,0,11,434,23.Apr 2019 09:01,US Open 9 Ball Championship 2019
434,Mitch Ellerman,United States,0,5,Eklent KaÇi,Albania,3,11,435,23.Apr 2019 09:01,US Open 9 Ball Championship 2019
435,Nikolaos Malai,Greece,3,7,Dennis Orcullo,Philippines,4,11,436,23.Apr 2019 09:01,US Open 9 Ball Championship 2019
436,Marek Kudlik,Poland,3,3,Marco Teutscher,Netherlands,7,11,437,23.Apr 2019 09:01,US Open 9 Ball Championship 2019
437,Francisco Bustamante,Philippines,0,5,Ronald Regli,Switzerland,2,11,438,23.Apr 2019 09:01,US Open 9 Ball Championship 2019
438,Justin Bergman,United States,2,5,Tyler Styer,United States,1,11,439,23.Apr 2019 09:01,US Open 9 Ball Championship 2019
439,Mika Immonen,Finland,1,9,Roman Hybler,Germany,2,11,440,23.Apr 2019 09:01,US Open 9 Ball Championship 2019
440,Konrad Piekarski,Poland,0,2,Mieszko Fortuński,Poland,0,11,441,23.Apr 2019 09:57,US Open 9 Ball Championship 2019
441,Shaun Wilkie,United States,0,7,Ralf Souquet,Germany,0,11,442,23.Apr 2019 10:00,US Open 9 Ball Championship 2019
442,Lee Heuwagen,United States,0,4,David Alcaide Bermudez,Spain,0,11,443,23.Apr 2019 10:00,US Open 9 Ball Championship 2019
443,Tomasz Kaplan,Poland,0,3,Cheng-Chieh Liu,Chinese Taipei,0,11,444,23.Apr 2019 10:00,US Open 9 Ball Championship 2019
444,(Kevin) Cheng Yu Hsuan,Chinese Taipei,0,2,Wojciech Szewczyk,Poland,5,11,445,23.Apr 2019 10:29,US Open 9 Ball Championship 2019
445,Denis Grabe,Estonia,1,4,Wang Can,China,3,11,446,23.Apr 2019 10:29,US Open 9 Ball Championship 2019
446,Kim Laaksonen,Finland,0,3,James Aranas,Philippines,0,11,447,23.Apr 2019 11:19,US Open 9 Ball Championship 2019
447,Nicolas Charette,Canada,4,7,Jeffrey Ignacio,Philippines,5,11,448,23.Apr 2019 10:51,US Open 9 Ball Championship 2019
448,Alex Kazakis,Greece,0,3,Joshua Filler,Germany,1,11,449,23.Apr 2019 11:20,US Open 9 Ball Championship 2019
449,Darren Appleton,United Kingdom,3,7,Albin Ouschan,Austria,2,11,450,23.Apr 2019 11:20,US Open 9 Ball Championship 2019
450,Eklent KaÇi,Albania,5,8,Aloysius Yapp,Singapore,5,11,451,23.Apr 2019 11:20,US Open 9 Ball Championship 2019
451,Dennis Orcullo,Philippines,0,6,Niels Feijen,Netherlands,6,11,452,23.Apr 2019 11:20,US Open 9 Ball Championship 2019
452,Chang Jung-Lin,Chinese Taipei,2,9,Marco Teutscher,Netherlands,5,11,453,23.Apr 2019 11:20,US Open 9 Ball Championship 2019
453,Ronald Regli,Switzerland,3,8,Hu Dang Jin,China,4,11,454,23.Apr 2019 11:20,US Open 9 Ball Championship 2019
454,Chris Alexander,Northern Ireland,0,8,Tyler Styer,United States,0,11,455,23.Apr 2019 11:27,US Open 9 Ball Championship 2019
455,Johann Chua,Philippines,4,8,Roman Hybler,Germany,6,11,456,23.Apr 2019 11:27,US Open 9 Ball Championship 2019
456,Corey Deuel,United States,1,2,Mieszko Fortuński,Poland,6,11,457,23.Apr 2019 12:24,US Open 9 Ball Championship 2019
457,Toru Kurabayashi,Japan,2,9,Ralf Souquet,Germany,2,11,458,23.Apr 2019 12:30,US Open 9 Ball Championship 2019
458,David Alcaide Bermudez,Spain,3,8,Mateusz Sniegocki,Poland,4,11,459,23.Apr 2019 12:30,US Open 9 Ball Championship 2019
459,Cheng-Chieh Liu,Chinese Taipei,0,11,Ivo Aarts,Netherlands,0,10,460,23.Apr 2019 12:51,US Open 9 Ball Championship 2019
460,Kenichi Uchigaki,Japan,0,5,Wojciech Szewczyk,Poland,2,11,461,23.Apr 2019 12:50,US Open 9 Ball Championship 2019
461,Siming Chen,China,1,7,Wang Can,China,2,11,462,23.Apr 2019 12:51,US Open 9 Ball Championship 2019
462,James Aranas,Philippines,7,11,Thorsten Hohmann,Germany,2,10,463,23.Apr 2019 13:30,US Open 9 Ball Championship 2019
463,Ching-Shun Yang,Chinese Taipei,2,4,Jeffrey Ignacio,Philippines,6,11,464,23.Apr 2019 13:30,US Open 9 Ball Championship 2019
464,Petri Makkonen,Finland,0,8,Jayson Shaw,Scotland,0,11,465,23.Apr 2019 15:33,US Open 9 Ball Championship 2019
465,Ko Pin-Yi (秉逸柯),Chinese Taipei,1,4,Francisco Sanchez Ruiz,Spain,6,11,466,23.Apr 2019 14:42,US Open 9 Ball Championship 2019
466,Liu Haitao,China,0,5,Jeffrey De Luna,Philippines,1,11,467,23.Apr 2019 14:55,US Open 9 Ball Championship 2019
467,Ko Ping-Chung,Chinese Taipei,4,7,Alex Pagulayan,Canada,3,11,468,23.Apr 2019 15:00,US Open 9 Ball Championship 2019
468,Wu Jiaqing,China,1,3,Kai Lun Hsu,Chinese Taipei,5,11,469,23.Apr 2019 15:06,US Open 9 Ball Championship 2019
469,Imran Majid,United Kingdom,0,9,Chang Yu-Lung,Chinese Taipei,0,11,470,23.Apr 2019 15:21,US Open 9 Ball Championship 2019
470,Billy Thorpe,United States,3,6,(Ryan) Hsu Jui-An,Chinese Taipei,3,11,471,23.Apr 2019 15:21,US Open 9 Ball Championship 2019
471,Dennis Hatch,United States,1,3,Shane Van Boening,United States,6,11,472,23.Apr 2019 15:35,US Open 9 Ball Championship 2019
472,Albin Ouschan,Austria,0,9,Joshua Filler,Germany,0,11,473,23.Apr 2019 15:00,US Open 9 Ball Championship 2019
473,Niels Feijen,Netherlands,0,9,Aloysius Yapp,Singapore,0,11,474,23.Apr 2019 14:43,US Open 9 Ball Championship 2019
474,Hu Dang Jin,China,3,6,Marco Teutscher,Netherlands,2,11,475,23.Apr 2019 14:44,US Open 9 Ball Championship 2019
475,Roman Hybler,Germany,0,3,Tyler Styer,United States,4,11,476,23.Apr 2019 15:00,US Open 9 Ball Championship 2019
476,Ralf Souquet,Germany,2,5,Mieszko Fortuński,Poland,2,11,477,23.Apr 2019 15:00,US Open 9 Ball Championship 2019
477,Mateusz Sniegocki,Poland,5,9,Cheng-Chieh Liu,Chinese Taipei,4,11,478,23.Apr 2019 16:00,US Open 9 Ball Championship 2019
478,Wojciech Szewczyk,Poland,3,7,Wang Can,China,4,11,479,23.Apr 2019 16:23,US Open 9 Ball Championship 2019
479,James Aranas,Philippines,0,8,Jeffrey Ignacio,Philippines,0,11,480,23.Apr 2019 16:23,US Open 9 Ball Championship 2019
480,Petri Makkonen,Finland,1,6,Joshua Filler,Germany,1,11,481,23.Apr 2019 17:51,US Open 9 Ball Championship 2019
481,Ko Pin-Yi (秉逸柯),Chinese Taipei,1,7,Aloysius Yapp,Singapore,4,11,482,23.Apr 2019 17:51,US Open 9 Ball Championship 2019
482,Marco Teutscher,Netherlands,0,2,Liu Haitao,China,4,11,483,23.Apr 2019 17:51,US Open 9 Ball Championship 2019
483,Tyler Styer,United States,1,7,Ko Ping-Chung,Chinese Taipei,3,11,484,23.Apr 2019 17:51,US Open 9 Ball Championship 2019
484,Wu Jiaqing,China,0,11,Mieszko Fortuński,Poland,1,10,485,23.Apr 2019 19:00,US Open 9 Ball Championship 2019
485,Cheng-Chieh Liu,Chinese Taipei,0,7,Imran Majid,United Kingdom,0,11,486,23.Apr 2019 19:00,US Open 9 Ball Championship 2019
486,Billy Thorpe,United States,2,7,Wang Can,China,4,11,487,23.Apr 2019 18:50,US Open 9 Ball Championship 2019
487,Dennis Hatch,United States,0,5,Jeffrey Ignacio,Philippines,2,11,488,23.Apr 2019 19:00,US Open 9 Ball Championship 2019
488,Jayson Shaw,Scotland,2,4,Joshua Filler,Germany,4,11,489,24.Apr 2019 09:18,US Open 9 Ball Championship 2019
489,Ko Ping-Chung,Chinese Taipei,0,4,Francisco Sanchez Ruiz,Spain,0,11,490,24.Apr 2019 10:28,US Open 9 Ball Championship 2019
490,Imran Majid,United Kingdom,0,9,Jeffrey De Luna,Philippines,0,11,491,24.Apr 2019 13:30,US Open 9 Ball Championship 2019
491,Alex Pagulayan,Canada,4,11,Aloysius Yapp,Singapore,4,10,492,24.Apr 2019 15:54,US Open 9 Ball Championship 2019
492,Kai Lun Hsu,Chinese Taipei,6,9,Liu Haitao,China,3,11,493,24.Apr 2019 18:00,US Open 9 Ball Championship 2019
493,Jeffrey Ignacio,Philippines,0,3,Chang Yu-Lung,Chinese Taipei,6,11,494,24.Apr 2019 20:36,US Open 9 Ball Championship 2019
494,(Ryan) Hsu Jui-An,Chinese Taipei,1,6,Wang Can,China,3,11,495,25.Apr 2019 09:08,US Open 9 Ball Championship 2019
495,Shane Van Boening,United States,1,7,Wu Jiaqing,China,0,11,496,25.Apr 2019 11:22,US Open 9 Ball Championship 2019
496,Francisco Sanchez Ruiz,Spain,0,4,Joshua Filler,Germany,0,11,497,25.Apr 2019 13:48,US Open 9 Ball Championship 2019
497,Alex Pagulayan,Canada,0,5,Jeffrey De Luna,Philippines,0,11,498,25.Apr 2019 16:00,US Open 9 Ball Championship 2019
498,Chang Yu-Lung,Chinese Taipei,0,11,Liu Haitao,China,0,10,499,25.Apr 2019 18:00,US Open 9 Ball Championship 2019
499,Wu Jiaqing,China,0,11,Wang Can,China,0,0,500,25.Apr 2019 20:57,US Open 9 Ball Championship 2019
500,Jeffrey De Luna,Philippines,2,8,Joshua Filler,Germany,0,11,501,26.Apr 2019 09:00,US Open 9 Ball Championship 2019
501,Chang Yu-Lung,Chinese Taipei,0,5,Wu Jiaqing,China,0,11,502,26.Apr 2019 11:30,US Open 9 Ball Championship 2019
502,Joshua Filler,Germany,3,13,Wu Jiaqing,China,3,10,503,26.Apr 2019 14:40,US Open 9 Ball Championship 2019
